file,line,type,commit,author,date,time,timezone,datetime,depth,length
style.css,1,css,0a22f90b,JerpBob,2025-01-10,15:22:22,-08:00,2025-01-10T15:22:22-08:00,0,5
style.css,2,css,b8a0953e,JerpBob,2025-01-24,13:51:30,-08:00,2025-01-24T13:51:30-08:00,0,44
style.css,3,css,0a22f90b,JerpBob,2025-01-10,15:22:22,-08:00,2025-01-10T15:22:22-08:00,0,43
style.css,4,css,0a22f90b,JerpBob,2025-01-10,15:22:22,-08:00,2025-01-10T15:22:22-08:00,0,1
style.css,5,css,b8a0953e,JerpBob,2025-01-24,13:51:30,-08:00,2025-01-24T13:51:30-08:00,0,24
style.css,6,css,b8a0953e,JerpBob,2025-01-24,13:51:30,-08:00,2025-01-24T13:51:30-08:00,0,16
style.css,7,css,b8a0953e,JerpBob,2025-01-24,13:51:30,-08:00,2025-01-24T13:51:30-08:00,0,19
style.css,8,css,b8a0953e,JerpBob,2025-01-24,13:51:30,-08:00,2025-01-24T13:51:30-08:00,0,12
style.css,9,css,b8a0953e,JerpBob,2025-01-24,13:51:30,-08:00,2025-01-24T13:51:30-08:00,0,0
style.css,10,css,b8a0953e,JerpBob,2025-01-24,13:51:30,-08:00,2025-01-24T13:51:30-08:00,0,0
style.css,11,css,b8a0953e,JerpBob,2025-01-24,13:51:30,-08:00,2025-01-24T13:51:30-08:00,0,6
style.css,12,css,b8a0953e,JerpBob,2025-01-24,13:51:30,-08:00,2025-01-24T13:51:30-08:00,0,32
style.css,13,css,b8a0953e,JerpBob,2025-01-24,13:51:30,-08:00,2025-01-24T13:51:30-08:00,0,0
style.css,14,css,b8a0953e,JerpBob,2025-01-24,13:51:30,-08:00,2025-01-24T13:51:30-08:00,0,0
style.css,15,css,0196775e,JerpBob,2025-01-24,18:00:58,-08:00,2025-01-24T18:00:58-08:00,0,5
style.css,16,css,0196775e,JerpBob,2025-01-24,18:00:58,-08:00,2025-01-24T18:00:58-08:00,0,24
style.css,17,css,0196775e,JerpBob,2025-01-24,18:00:58,-08:00,2025-01-24T18:00:58-08:00,0,0
style.css,18,css,0196775e,JerpBob,2025-01-24,18:00:58,-08:00,2025-01-24T18:00:58-08:00,0,0
style.css,19,css,0196775e,JerpBob,2025-01-24,18:00:58,-08:00,2025-01-24T18:00:58-08:00,0,4
style.css,20,css,0196775e,JerpBob,2025-01-24,18:00:58,-08:00,2025-01-24T18:00:58-08:00,0,40
style.css,21,css,b8a0953e,JerpBob,2025-01-24,13:51:30,-08:00,2025-01-24T13:51:30-08:00,0,13
style.css,22,css,b8a0953e,JerpBob,2025-01-24,13:51:30,-08:00,2025-01-24T13:51:30-08:00,0,18
style.css,23,css,b8a0953e,JerpBob,2025-01-24,13:51:30,-08:00,2025-01-24T13:51:30-08:00,0,18
style.css,24,css,b8a0953e,JerpBob,2025-01-24,13:51:30,-08:00,2025-01-24T13:51:30-08:00,0,24
style.css,25,css,b8a0953e,JerpBob,2025-01-24,13:51:30,-08:00,2025-01-24T13:51:30-08:00,0,26
style.css,26,css,0196775e,JerpBob,2025-01-24,18:00:58,-08:00,2025-01-24T18:00:58-08:00,0,40
style.css,27,css,b8a0953e,JerpBob,2025-01-24,13:51:30,-08:00,2025-01-24T13:51:30-08:00,0,0
style.css,28,css,b8a0953e,JerpBob,2025-01-24,13:51:30,-08:00,2025-01-24T13:51:30-08:00,0,0
style.css,29,css,b8a0953e,JerpBob,2025-01-24,13:51:30,-08:00,2025-01-24T13:51:30-08:00,0,9
style.css,30,css,b8a0953e,JerpBob,2025-01-24,13:51:30,-08:00,2025-01-24T13:51:30-08:00,0,19
style.css,31,css,b8a0953e,JerpBob,2025-01-24,13:51:30,-08:00,2025-01-24T13:51:30-08:00,0,26
style.css,32,css,0196775e,JerpBob,2025-01-24,18:00:58,-08:00,2025-01-24T18:00:58-08:00,0,39
style.css,33,css,b8a0953e,JerpBob,2025-01-24,13:51:30,-08:00,2025-01-24T13:51:30-08:00,0,0
style.css,34,css,b8a0953e,JerpBob,2025-01-24,13:51:30,-08:00,2025-01-24T13:51:30-08:00,0,0
style.css,35,css,b8a0953e,JerpBob,2025-01-24,13:51:30,-08:00,2025-01-24T13:51:30-08:00,0,2
style.css,36,css,b8a0953e,JerpBob,2025-01-24,13:51:30,-08:00,2025-01-24T13:51:30-08:00,0,7
style.css,37,css,b8a0953e,JerpBob,2025-01-24,13:51:30,-08:00,2025-01-24T13:51:30-08:00,0,18
style.css,38,css,b8a0953e,JerpBob,2025-01-24,13:51:30,-08:00,2025-01-24T13:51:30-08:00,0,21
style.css,39,css,b8a0953e,JerpBob,2025-01-24,13:51:30,-08:00,2025-01-24T13:51:30-08:00,0,14
style.css,40,css,b8a0953e,JerpBob,2025-01-24,13:51:30,-08:00,2025-01-24T13:51:30-08:00,0,19
style.css,41,css,b8a0953e,JerpBob,2025-01-24,13:51:30,-08:00,2025-01-24T13:51:30-08:00,0,20
style.css,42,css,b8a0953e,JerpBob,2025-01-24,13:51:30,-08:00,2025-01-24T13:51:30-08:00,0,0
style.css,43,css,b8a0953e,JerpBob,2025-01-24,13:51:30,-08:00,2025-01-24T13:51:30-08:00,0,0
style.css,44,css,0196775e,JerpBob,2025-01-24,18:00:58,-08:00,2025-01-24T18:00:58-08:00,0,22
style.css,45,css,b8a0953e,JerpBob,2025-01-24,13:51:30,-08:00,2025-01-24T13:51:30-08:00,0,19
style.css,46,css,b8a0953e,JerpBob,2025-01-24,13:51:30,-08:00,2025-01-24T13:51:30-08:00,0,26
style.css,47,css,b8a0953e,JerpBob,2025-01-24,13:51:30,-08:00,2025-01-24T13:51:30-08:00,0,40
style.css,48,css,0196775e,JerpBob,2025-01-24,18:00:58,-08:00,2025-01-24T18:00:58-08:00,0,70
style.css,49,css,b8a0953e,JerpBob,2025-01-24,13:51:30,-08:00,2025-01-24T13:51:30-08:00,0,0
style.css,50,css,b8a0953e,JerpBob,2025-01-24,13:51:30,-08:00,2025-01-24T13:51:30-08:00,0,0
style.css,51,css,b8a0953e,JerpBob,2025-01-24,13:51:30,-08:00,2025-01-24T13:51:30-08:00,0,5
style.css,52,css,b8a0953e,JerpBob,2025-01-24,13:51:30,-08:00,2025-01-24T13:51:30-08:00,0,13
style.css,53,css,b8a0953e,JerpBob,2025-01-24,13:51:30,-08:00,2025-01-24T13:51:30-08:00,0,31
style.css,54,css,b8a0953e,JerpBob,2025-01-24,13:51:30,-08:00,2025-01-24T13:51:30-08:00,0,8
style.css,55,css,b8a0953e,JerpBob,2025-01-24,13:51:30,-08:00,2025-01-24T13:51:30-08:00,0,0
style.css,56,css,b8a0953e,JerpBob,2025-01-24,13:51:30,-08:00,2025-01-24T13:51:30-08:00,0,0
style.css,57,css,b8a0953e,JerpBob,2025-01-24,13:51:30,-08:00,2025-01-24T13:51:30-08:00,0,6
style.css,58,css,b8a0953e,JerpBob,2025-01-24,13:51:30,-08:00,2025-01-24T13:51:30-08:00,0,13
style.css,59,css,b8a0953e,JerpBob,2025-01-24,13:51:30,-08:00,2025-01-24T13:51:30-08:00,0,30
style.css,60,css,b8a0953e,JerpBob,2025-01-24,13:51:30,-08:00,2025-01-24T13:51:30-08:00,0,19
style.css,61,css,b8a0953e,JerpBob,2025-01-24,13:51:30,-08:00,2025-01-24T13:51:30-08:00,0,0
style.css,62,css,b8a0953e,JerpBob,2025-01-24,13:51:30,-08:00,2025-01-24T13:51:30-08:00,0,0
style.css,63,css,0196775e,JerpBob,2025-01-24,18:00:58,-08:00,2025-01-24T18:00:58-08:00,0,14
style.css,64,css,0196775e,JerpBob,2025-01-24,18:00:58,-08:00,2025-01-24T18:00:58-08:00,0,18
style.css,65,css,0196775e,JerpBob,2025-01-24,18:00:58,-08:00,2025-01-24T18:00:58-08:00,0,9
style.css,66,css,0196775e,JerpBob,2025-01-24,18:00:58,-08:00,2025-01-24T18:00:58-08:00,0,11
style.css,67,css,0196775e,JerpBob,2025-01-24,18:00:58,-08:00,2025-01-24T18:00:58-08:00,0,14
style.css,68,css,0196775e,JerpBob,2025-01-24,18:00:58,-08:00,2025-01-24T18:00:58-08:00,0,13
style.css,69,css,0196775e,JerpBob,2025-01-24,18:00:58,-08:00,2025-01-24T18:00:58-08:00,0,0
style.css,70,css,0196775e,JerpBob,2025-01-24,18:00:58,-08:00,2025-01-24T18:00:58-08:00,0,0
style.css,71,css,b8a0953e,JerpBob,2025-01-24,13:51:30,-08:00,2025-01-24T13:51:30-08:00,0,7
style.css,72,css,b8a0953e,JerpBob,2025-01-24,13:51:30,-08:00,2025-01-24T13:51:30-08:00,0,13
style.css,73,css,b8a0953e,JerpBob,2025-01-24,13:51:30,-08:00,2025-01-24T13:51:30-08:00,0,19
style.css,74,css,b8a0953e,JerpBob,2025-01-24,13:51:30,-08:00,2025-01-24T13:51:30-08:00,0,0
style.css,75,css,b8a0953e,JerpBob,2025-01-24,13:51:30,-08:00,2025-01-24T13:51:30-08:00,0,0
style.css,76,css,b8a0953e,JerpBob,2025-01-24,13:51:30,-08:00,2025-01-24T13:51:30-08:00,0,6
style.css,77,css,b8a0953e,JerpBob,2025-01-24,13:51:30,-08:00,2025-01-24T13:51:30-08:00,0,13
style.css,78,css,b8a0953e,JerpBob,2025-01-24,13:51:30,-08:00,2025-01-24T13:51:30-08:00,0,0
style.css,79,css,b8a0953e,JerpBob,2025-01-24,13:51:30,-08:00,2025-01-24T13:51:30-08:00,0,0
style.css,80,css,b8a0953e,JerpBob,2025-01-24,13:51:30,-08:00,2025-01-24T13:51:30-08:00,0,9
style.css,81,css,b8a0953e,JerpBob,2025-01-24,13:51:30,-08:00,2025-01-24T13:51:30-08:00,0,13
style.css,82,css,b8a0953e,JerpBob,2025-01-24,13:51:30,-08:00,2025-01-24T13:51:30-08:00,0,0
style.css,83,css,b8a0953e,JerpBob,2025-01-24,13:51:30,-08:00,2025-01-24T13:51:30-08:00,0,0
style.css,84,css,b8a0953e,JerpBob,2025-01-24,13:51:30,-08:00,2025-01-24T13:51:30-08:00,0,10
style.css,85,css,b8a0953e,JerpBob,2025-01-24,13:51:30,-08:00,2025-01-24T13:51:30-08:00,0,13
style.css,86,css,b8a0953e,JerpBob,2025-01-24,13:51:30,-08:00,2025-01-24T13:51:30-08:00,0,0
style.css,87,css,b8a0953e,JerpBob,2025-01-24,13:51:30,-08:00,2025-01-24T13:51:30-08:00,0,59
style.css,88,css,b8a0953e,JerpBob,2025-01-24,13:51:30,-08:00,2025-01-24T13:51:30-08:00,0,0
style.css,89,css,b8a0953e,JerpBob,2025-01-24,13:51:30,-08:00,2025-01-24T13:51:30-08:00,0,8
style.css,90,css,b8a0953e,JerpBob,2025-01-24,13:51:30,-08:00,2025-01-24T13:51:30-08:00,0,14
style.css,91,css,b8a0953e,JerpBob,2025-01-24,13:51:30,-08:00,2025-01-24T13:51:30-08:00,0,13
style.css,92,css,b8a0953e,JerpBob,2025-01-24,13:51:30,-08:00,2025-01-24T13:51:30-08:00,0,27
style.css,93,css,b8a0953e,JerpBob,2025-01-24,13:51:30,-08:00,2025-01-24T13:51:30-08:00,0,16
style.css,94,css,b8a0953e,JerpBob,2025-01-24,13:51:30,-08:00,2025-01-24T13:51:30-08:00,0,8
style.css,95,css,b8a0953e,JerpBob,2025-01-24,13:51:30,-08:00,2025-01-24T13:51:30-08:00,0,0
style.css,96,css,b8a0953e,JerpBob,2025-01-24,13:51:30,-08:00,2025-01-24T13:51:30-08:00,0,3
style.css,97,css,b8a0953e,JerpBob,2025-01-24,13:51:30,-08:00,2025-01-24T13:51:30-08:00,0,9
style.css,98,css,b8a0953e,JerpBob,2025-01-24,13:51:30,-08:00,2025-01-24T13:51:30-08:00,0,0
style.css,99,css,b8a0953e,JerpBob,2025-01-24,13:51:30,-08:00,2025-01-24T13:51:30-08:00,0,0
style.css,100,css,b8a0953e,JerpBob,2025-01-24,13:51:30,-08:00,2025-01-24T13:51:30-08:00,0,0
style.css,101,css,b8a0953e,JerpBob,2025-01-24,13:51:30,-08:00,2025-01-24T13:51:30-08:00,0,0
style.css,102,css,0196775e,JerpBob,2025-01-24,18:00:58,-08:00,2025-01-24T18:00:58-08:00,0,3
style.css,103,css,b8a0953e,JerpBob,2025-01-24,13:51:30,-08:00,2025-01-24T13:51:30-08:00,0,15
style.css,104,css,b8a0953e,JerpBob,2025-01-24,13:51:30,-08:00,2025-01-24T13:51:30-08:00,0,0
style.css,105,css,b8a0953e,JerpBob,2025-01-24,13:51:30,-08:00,2025-01-24T13:51:30-08:00,0,0
style.css,106,css,b8a0953e,JerpBob,2025-01-24,13:51:30,-08:00,2025-01-24T13:51:30-08:00,0,2
style.css,107,css,b8a0953e,JerpBob,2025-01-24,13:51:30,-08:00,2025-01-24T13:51:30-08:00,0,2
style.css,108,css,b8a0953e,JerpBob,2025-01-24,13:51:30,-08:00,2025-01-24T13:51:30-08:00,0,2
style.css,109,css,b8a0953e,JerpBob,2025-01-24,13:51:30,-08:00,2025-01-24T13:51:30-08:00,0,2
style.css,110,css,b8a0953e,JerpBob,2025-01-24,13:51:30,-08:00,2025-01-24T13:51:30-08:00,0,2
style.css,111,css,b8a0953e,JerpBob,2025-01-24,13:51:30,-08:00,2025-01-24T13:51:30-08:00,0,3
style.css,112,css,b8a0953e,JerpBob,2025-01-24,13:51:30,-08:00,2025-01-24T13:51:30-08:00,0,16
style.css,113,css,b8a0953e,JerpBob,2025-01-24,13:51:30,-08:00,2025-01-24T13:51:30-08:00,0,18
style.css,114,css,bc40f8a0,JerpBob,2025-02-08,23:19:19,-08:00,2025-02-08T23:19:19-08:00,0,0
style.css,115,css,bc40f8a0,JerpBob,2025-02-08,23:19:19,-08:00,2025-02-08T23:19:19-08:00,0,0
style.css,116,css,bc40f8a0,JerpBob,2025-02-08,23:19:19,-08:00,2025-02-08T23:19:19-08:00,0,19
style.css,117,css,bc40f8a0,JerpBob,2025-02-08,23:19:19,-08:00,2025-02-08T23:19:19-08:00,0,15
style.css,118,css,bc40f8a0,JerpBob,2025-02-08,23:19:19,-08:00,2025-02-08T23:19:19-08:00,0,17
style.css,119,css,bc40f8a0,JerpBob,2025-02-08,23:19:19,-08:00,2025-02-08T23:19:19-08:00,0,0
style.css,120,css,bc40f8a0,JerpBob,2025-02-08,23:19:19,-08:00,2025-02-08T23:19:19-08:00,0,17
style.css,121,css,bc40f8a0,JerpBob,2025-02-08,23:19:19,-08:00,2025-02-08T23:19:19-08:00,0,0
style.css,122,css,bc40f8a0,JerpBob,2025-02-08,23:19:19,-08:00,2025-02-08T23:19:19-08:00,0,0
style.css,123,css,bc40f8a0,JerpBob,2025-02-08,23:19:19,-08:00,2025-02-08T23:19:19-08:00,0,8
style.css,124,css,bc40f8a0,JerpBob,2025-02-08,23:19:19,-08:00,2025-02-08T23:19:19-08:00,0,11
style.css,125,css,bc40f8a0,JerpBob,2025-02-08,23:19:19,-08:00,2025-02-08T23:19:19-08:00,0,19
style.css,126,css,bc40f8a0,JerpBob,2025-02-08,23:19:19,-08:00,2025-02-08T23:19:19-08:00,0,30
style.css,127,css,bc40f8a0,JerpBob,2025-02-08,23:19:19,-08:00,2025-02-08T23:19:19-08:00,0,18
style.css,128,css,bc40f8a0,JerpBob,2025-02-08,23:19:19,-08:00,2025-02-08T23:19:19-08:00,0,0
style.css,129,css,bc40f8a0,JerpBob,2025-02-08,23:19:19,-08:00,2025-02-08T23:19:19-08:00,0,0
style.css,130,css,bc40f8a0,JerpBob,2025-02-08,23:19:19,-08:00,2025-02-08T23:19:19-08:00,0,0
style.css,131,css,bc40f8a0,JerpBob,2025-02-08,23:19:19,-08:00,2025-02-08T23:19:19-08:00,0,5
style.css,132,css,bc40f8a0,JerpBob,2025-02-08,23:19:19,-08:00,2025-02-08T23:19:19-08:00,0,21
style.css,133,css,bc40f8a0,JerpBob,2025-02-08,23:19:19,-08:00,2025-02-08T23:19:19-08:00,0,0
style.css,134,css,bc40f8a0,JerpBob,2025-02-08,23:19:19,-08:00,2025-02-08T23:19:19-08:00,0,0
style.css,135,css,bc40f8a0,JerpBob,2025-02-08,23:19:19,-08:00,2025-02-08T23:19:19-08:00,0,8
style.css,136,css,bc40f8a0,JerpBob,2025-02-08,23:19:19,-08:00,2025-02-08T23:19:19-08:00,0,13
style.css,137,css,bc40f8a0,JerpBob,2025-02-08,23:19:19,-08:00,2025-02-08T23:19:19-08:00,0,58
style.css,138,css,bc40f8a0,JerpBob,2025-02-08,23:19:19,-08:00,2025-02-08T23:19:19-08:00,0,9
style.css,139,css,bc40f8a0,JerpBob,2025-02-08,23:19:19,-08:00,2025-02-08T23:19:19-08:00,0,19
style.css,140,css,bc40f8a0,JerpBob,2025-02-08,23:19:19,-08:00,2025-02-08T23:19:19-08:00,0,19
style.css,141,css,bc40f8a0,JerpBob,2025-02-08,23:19:19,-08:00,2025-02-08T23:19:19-08:00,0,12
style.css,142,css,bc40f8a0,JerpBob,2025-02-08,23:19:19,-08:00,2025-02-08T23:19:19-08:00,0,12
style.css,143,css,bc40f8a0,JerpBob,2025-02-08,23:19:19,-08:00,2025-02-08T23:19:19-08:00,0,7
style.css,144,css,bc40f8a0,JerpBob,2025-02-08,23:19:19,-08:00,2025-02-08T23:19:19-08:00,0,0
style.css,145,css,bc40f8a0,JerpBob,2025-02-08,23:19:19,-08:00,2025-02-08T23:19:19-08:00,0,0
style.css,146,css,bc40f8a0,JerpBob,2025-02-08,23:19:19,-08:00,2025-02-08T23:19:19-08:00,0,13
style.css,147,css,bc40f8a0,JerpBob,2025-02-08,23:19:19,-08:00,2025-02-08T23:19:19-08:00,0,13
style.css,148,css,bc40f8a0,JerpBob,2025-02-08,23:19:19,-08:00,2025-02-08T23:19:19-08:00,0,11
style.css,149,css,bc40f8a0,JerpBob,2025-02-08,23:19:19,-08:00,2025-02-08T23:19:19-08:00,0,18
style.css,150,css,bc40f8a0,JerpBob,2025-02-08,23:19:19,-08:00,2025-02-08T23:19:19-08:00,0,0
style.css,151,css,bc40f8a0,JerpBob,2025-02-08,23:19:19,-08:00,2025-02-08T23:19:19-08:00,0,0
style.css,152,css,bc40f8a0,JerpBob,2025-02-08,23:19:19,-08:00,2025-02-08T23:19:19-08:00,0,11
style.css,153,css,bc40f8a0,JerpBob,2025-02-08,23:19:19,-08:00,2025-02-08T23:19:19-08:00,0,13
style.css,154,css,bc40f8a0,JerpBob,2025-02-08,23:19:19,-08:00,2025-02-08T23:19:19-08:00,0,8
style.css,155,css,bc40f8a0,JerpBob,2025-02-08,23:19:19,-08:00,2025-02-08T23:19:19-08:00,0,0
style.css,156,css,bc40f8a0,JerpBob,2025-02-08,23:19:19,-08:00,2025-02-08T23:19:19-08:00,0,0
style.css,157,css,bc40f8a0,JerpBob,2025-02-08,23:19:19,-08:00,2025-02-08T23:19:19-08:00,0,18
style.css,158,css,bc40f8a0,JerpBob,2025-02-08,23:19:19,-08:00,2025-02-08T23:19:19-08:00,0,17
style.css,159,css,bc40f8a0,JerpBob,2025-02-08,23:19:19,-08:00,2025-02-08T23:19:19-08:00,0,12
style.css,160,css,bc40f8a0,JerpBob,2025-02-08,23:19:19,-08:00,2025-02-08T23:19:19-08:00,0,0
style.css,161,css,bc40f8a0,JerpBob,2025-02-08,23:19:19,-08:00,2025-02-08T23:19:19-08:00,0,0
style.css,162,css,bc40f8a0,JerpBob,2025-02-08,23:19:19,-08:00,2025-02-08T23:19:19-08:00,0,0
style.css,163,css,bc40f8a0,JerpBob,2025-02-08,23:19:19,-08:00,2025-02-08T23:19:19-08:00,0,5
style.css,164,css,bc40f8a0,JerpBob,2025-02-08,23:19:19,-08:00,2025-02-08T23:19:19-08:00,0,17
style.css,165,css,bc40f8a0,JerpBob,2025-02-08,23:19:19,-08:00,2025-02-08T23:19:19-08:00,0,0
style.css,166,css,bc40f8a0,JerpBob,2025-02-08,23:19:19,-08:00,2025-02-08T23:19:19-08:00,0,0
style.css,167,css,bc40f8a0,JerpBob,2025-02-08,23:19:19,-08:00,2025-02-08T23:19:19-08:00,0,10
style.css,168,css,bc40f8a0,JerpBob,2025-02-08,23:19:19,-08:00,2025-02-08T23:19:19-08:00,0,36
style.css,169,css,bc40f8a0,JerpBob,2025-02-08,23:19:19,-08:00,2025-02-08T23:19:19-08:00,0,0
style.css,170,css,bc40f8a0,JerpBob,2025-02-08,23:19:19,-08:00,2025-02-08T23:19:19-08:00,0,11
style.css,171,css,bc40f8a0,JerpBob,2025-02-08,23:19:19,-08:00,2025-02-08T23:19:19-08:00,0,18
style.css,172,css,bc40f8a0,JerpBob,2025-02-08,23:19:19,-08:00,2025-02-08T23:19:19-08:00,0,0
style.css,173,css,0a22f90b,JerpBob,2025-01-10,15:22:22,-08:00,2025-01-10T15:22:22-08:00,0,0
index.js,1,js,bc40f8a0,JerpBob,2025-02-08,23:19:19,-08:00,2025-02-08T23:19:19-08:00,0,72
index.js,2,js,bc40f8a0,JerpBob,2025-02-08,23:19:19,-08:00,2025-02-08T23:19:19-08:00,0,0
index.js,3,js,bc40f8a0,JerpBob,2025-02-08,23:19:19,-08:00,2025-02-08T23:19:19-08:00,0,55
index.js,4,js,bc40f8a0,JerpBob,2025-02-08,23:19:19,-08:00,2025-02-08T23:19:19-08:00,0,43
index.js,5,js,bc40f8a0,JerpBob,2025-02-08,23:19:19,-08:00,2025-02-08T23:19:19-08:00,0,61
index.js,6,js,bc40f8a0,JerpBob,2025-02-08,23:19:19,-08:00,2025-02-08T23:19:19-08:00,0,59
index.js,7,js,bc40f8a0,JerpBob,2025-02-08,23:19:19,-08:00,2025-02-08T23:19:19-08:00,0,61
index.js,8,js,bc40f8a0,JerpBob,2025-02-08,23:19:19,-08:00,2025-02-08T23:19:19-08:00,0,18
index.js,9,js,bc40f8a0,JerpBob,2025-02-08,23:19:19,-08:00,2025-02-08T23:19:19-08:00,0,25
index.js,10,js,bc40f8a0,JerpBob,2025-02-08,23:19:19,-08:00,2025-02-08T23:19:19-08:00,0,3
index.js,11,js,bc40f8a0,JerpBob,2025-02-08,23:19:19,-08:00,2025-02-08T23:19:19-08:00,0,56
index.js,12,js,bc40f8a0,JerpBob,2025-02-08,23:19:19,-08:00,2025-02-08T23:19:19-08:00,0,56
index.js,13,js,bc40f8a0,JerpBob,2025-02-08,23:19:19,-08:00,2025-02-08T23:19:19-08:00,0,50
index.js,14,js,bc40f8a0,JerpBob,2025-02-08,23:19:19,-08:00,2025-02-08T23:19:19-08:00,0,50
index.js,15,js,bc40f8a0,JerpBob,2025-02-08,23:19:19,-08:00,2025-02-08T23:19:19-08:00,0,4
index.js,16,js,bc40f8a0,JerpBob,2025-02-08,23:19:19,-08:00,2025-02-08T23:19:19-08:00,0,1
index.js,17,js,bc40f8a0,JerpBob,2025-02-08,23:19:19,-08:00,2025-02-08T23:19:19-08:00,0,0
index.js,18,js,bc40f8a0,JerpBob,2025-02-08,23:19:19,-08:00,2025-02-08T23:19:19-08:00,0,55
index.js,19,js,bc40f8a0,JerpBob,2025-02-08,23:19:19,-08:00,2025-02-08T23:19:19-08:00,0,0
index.html,1,html,2ac3a4a,JerpBob,2025-01-10,13:41:27,-08:00,2025-01-10T13:41:27-08:00,0,14
index.html,2,html,2ac3a4a,JerpBob,2025-01-10,13:41:27,-08:00,2025-01-10T13:41:27-08:00,0,15
index.html,3,html,2ac3a4a,JerpBob,2025-01-10,13:41:27,-08:00,2025-01-10T13:41:27-08:00,0,0
index.html,4,html,2ac3a4a,JerpBob,2025-01-10,13:41:27,-08:00,2025-01-10T13:41:27-08:00,0,5
index.html,5,html,2ac3a4a,JerpBob,2025-01-10,13:41:27,-08:00,2025-01-10T13:41:27-08:00,0,21
index.html,6,html,2ac3a4a,JerpBob,2025-01-10,13:41:27,-08:00,2025-01-10T13:41:27-08:00,0,69
index.html,7,html,2ac3a4a,JerpBob,2025-01-10,13:41:27,-08:00,2025-01-10T13:41:27-08:00,0,60
index.html,8,html,0a22f90b,JerpBob,2025-01-10,15:22:22,-08:00,2025-01-10T15:22:22-08:00,0,39
index.html,9,html,0196775e,JerpBob,2025-01-24,18:00:58,-08:00,2025-01-24T18:00:58-08:00,0,46
index.html,10,html,bc40f8a0,JerpBob,2025-02-08,23:19:19,-08:00,2025-02-08T23:19:19-08:00,0,51
index.html,11,html,bc40f8a0,JerpBob,2025-02-08,23:19:19,-08:00,2025-02-08T23:19:19-08:00,0,0
index.html,12,html,2ac3a4a,JerpBob,2025-01-10,13:41:27,-08:00,2025-01-10T13:41:27-08:00,0,6
index.html,13,html,2ac3a4a,JerpBob,2025-01-10,13:41:27,-08:00,2025-01-10T13:41:27-08:00,0,0
index.html,14,html,0196775e,JerpBob,2025-01-24,18:00:58,-08:00,2025-01-24T18:00:58-08:00,0,18
index.html,15,html,0196775e,JerpBob,2025-01-24,18:00:58,-08:00,2025-01-24T18:00:58-08:00,0,13
index.html,16,html,b8a0953e,JerpBob,2025-01-24,13:51:30,-08:00,2025-01-24T13:51:30-08:00,0,4
index.html,17,html,b8a0953e,JerpBob,2025-01-24,13:51:30,-08:00,2025-01-24T13:51:30-08:00,0,3
index.html,18,html,b8a0953e,JerpBob,2025-01-24,13:51:30,-08:00,2025-01-24T13:51:30-08:00,0,3
index.html,19,html,0196775e,JerpBob,2025-01-24,18:00:58,-08:00,2025-01-24T18:00:58-08:00,0,59
index.html,20,html,b8a0953e,JerpBob,2025-01-24,13:51:30,-08:00,2025-01-24T13:51:30-08:00,0,4
index.html,21,html,b8a0953e,JerpBob,2025-01-24,13:51:30,-08:00,2025-01-24T13:51:30-08:00,0,3
index.html,22,html,b8a0953e,JerpBob,2025-01-24,13:51:30,-08:00,2025-01-24T13:51:30-08:00,0,64
index.html,23,html,b8a0953e,JerpBob,2025-01-24,13:51:30,-08:00,2025-01-24T13:51:30-08:00,0,4
index.html,24,html,b8a0953e,JerpBob,2025-01-24,13:51:30,-08:00,2025-01-24T13:51:30-08:00,0,3
index.html,25,html,b8a0953e,JerpBob,2025-01-24,13:51:30,-08:00,2025-01-24T13:51:30-08:00,0,66
index.html,26,html,b8a0953e,JerpBob,2025-01-24,13:51:30,-08:00,2025-01-24T13:51:30-08:00,0,4
index.html,27,html,b8a0953e,JerpBob,2025-01-24,13:51:30,-08:00,2025-01-24T13:51:30-08:00,0,3
index.html,28,html,b8a0953e,JerpBob,2025-01-24,13:51:30,-08:00,2025-01-24T13:51:30-08:00,0,62
index.html,29,html,b8a0953e,JerpBob,2025-01-24,13:51:30,-08:00,2025-01-24T13:51:30-08:00,0,4
index.html,30,html,b8a0953e,JerpBob,2025-01-24,13:51:30,-08:00,2025-01-24T13:51:30-08:00,0,3
index.html,31,html,b8a0953e,JerpBob,2025-01-24,13:51:30,-08:00,2025-01-24T13:51:30-08:00,0,62
index.html,32,html,b8a0953e,JerpBob,2025-01-24,13:51:30,-08:00,2025-01-24T13:51:30-08:00,0,4
index.html,33,html,b8a0953e,JerpBob,2025-01-24,13:51:30,-08:00,2025-01-24T13:51:30-08:00,0,4
index.html,34,html,b8a0953e,JerpBob,2025-01-24,13:51:30,-08:00,2025-01-24T13:51:30-08:00,0,5
index.html,35,html,0196775e,JerpBob,2025-01-24,18:00:58,-08:00,2025-01-24T18:00:58-08:00,0,13
index.html,36,html,0a22f90b,JerpBob,2025-01-10,15:22:22,-08:00,2025-01-10T15:22:22-08:00,0,3
index.html,37,html,0a22f90b,JerpBob,2025-01-10,15:22:22,-08:00,2025-01-10T15:22:22-08:00,0,16
index.html,38,html,0a22f90b,JerpBob,2025-01-10,15:22:22,-08:00,2025-01-10T15:22:22-08:00,0,4
index.html,39,html,0a22f90b,JerpBob,2025-01-10,15:22:22,-08:00,2025-01-10T15:22:22-08:00,0,2
index.html,40,html,b8a0953e,JerpBob,2025-01-24,13:51:30,-08:00,2025-01-24T13:51:30-08:00,0,109
index.html,41,html,b8a0953e,JerpBob,2025-01-24,13:51:30,-08:00,2025-01-24T13:51:30-08:00,0,9
index.html,42,html,b8a0953e,JerpBob,2025-01-24,13:51:30,-08:00,2025-01-24T13:51:30-08:00,0,55
index.html,43,html,0a22f90b,JerpBob,2025-01-10,15:22:22,-08:00,2025-01-10T15:22:22-08:00,0,3
index.html,44,html,0a22f90b,JerpBob,2025-01-10,15:22:22,-08:00,2025-01-10T15:22:22-08:00,0,108
index.html,45,html,bc40f8a0,JerpBob,2025-02-08,23:19:19,-08:00,2025-02-08T23:19:19-08:00,0,23
index.html,46,html,bc40f8a0,JerpBob,2025-02-08,23:19:19,-08:00,2025-02-08T23:19:19-08:00,0,21
index.html,47,html,bc40f8a0,JerpBob,2025-02-08,23:19:19,-08:00,2025-02-08T23:19:19-08:00,0,50
index.html,48,html,bc40f8a0,JerpBob,2025-02-08,23:19:19,-08:00,2025-02-08T23:19:19-08:00,0,5
index.html,49,html,bc40f8a0,JerpBob,2025-02-08,23:19:19,-08:00,2025-02-08T23:19:19-08:00,0,29
index.html,50,html,2ac3a4a,JerpBob,2025-01-10,13:41:27,-08:00,2025-01-10T13:41:27-08:00,0,6
index.html,51,html,2ac3a4a,JerpBob,2025-01-10,13:41:27,-08:00,2025-01-10T13:41:27-08:00,0,0
index.html,52,html,2ac3a4a,JerpBob,2025-01-10,13:41:27,-08:00,2025-01-10T13:41:27-08:00,0,6
global.js,1,js,bc40f8a0,JerpBob,2025-02-08,23:19:19,-08:00,2025-02-08T23:19:19-08:00,0,37
global.js,2,js,bc40f8a0,JerpBob,2025-02-08,23:19:19,-08:00,2025-02-08T23:19:19-08:00,0,4
global.js,3,js,bc40f8a0,JerpBob,2025-02-08,23:19:19,-08:00,2025-02-08T23:19:19-08:00,0,40
global.js,4,js,bc40f8a0,JerpBob,2025-02-08,23:19:19,-08:00,2025-02-08T23:19:19-08:00,0,33
global.js,5,js,bc40f8a0,JerpBob,2025-02-08,23:19:19,-08:00,2025-02-08T23:19:19-08:00,0,20
global.js,6,js,bc40f8a0,JerpBob,2025-02-08,23:19:19,-08:00,2025-02-08T23:19:19-08:00,0,18
global.js,7,js,bc40f8a0,JerpBob,2025-02-08,23:19:19,-08:00,2025-02-08T23:19:19-08:00,0,67
global.js,8,js,bc40f8a0,JerpBob,2025-02-08,23:19:19,-08:00,2025-02-08T23:19:19-08:00,0,0
global.js,9,js,bc40f8a0,JerpBob,2025-02-08,23:19:19,-08:00,2025-02-08T23:19:19-08:00,0,34
global.js,10,js,bc40f8a0,JerpBob,2025-02-08,23:19:19,-08:00,2025-02-08T23:19:19-08:00,0,11
global.js,11,js,bc40f8a0,JerpBob,2025-02-08,23:19:19,-08:00,2025-02-08T23:19:19-08:00,0,0
global.js,12,js,bc40f8a0,JerpBob,2025-02-08,23:19:19,-08:00,2025-02-08T23:19:19-08:00,0,0
global.js,13,js,bc40f8a0,JerpBob,2025-02-08,23:19:19,-08:00,2025-02-08T23:19:19-08:00,0,16
global.js,14,js,bc40f8a0,JerpBob,2025-02-08,23:19:19,-08:00,2025-02-08T23:19:19-08:00,0,60
global.js,15,js,bc40f8a0,JerpBob,2025-02-08,23:19:19,-08:00,2025-02-08T23:19:19-08:00,0,0
global.js,16,js,bc40f8a0,JerpBob,2025-02-08,23:19:19,-08:00,2025-02-08T23:19:19-08:00,0,0
global.js,17,js,0196775e,JerpBob,2025-01-24,18:00:58,-08:00,2025-01-24T18:00:58-08:00,0,0
global.js,18,js,0196775e,JerpBob,2025-01-24,18:00:58,-08:00,2025-01-24T18:00:58-08:00,0,42
global.js,19,js,0196775e,JerpBob,2025-01-24,18:00:58,-08:00,2025-01-24T18:00:58-08:00,0,53
global.js,20,js,0196775e,JerpBob,2025-01-24,18:00:58,-08:00,2025-01-24T18:00:58-08:00,0,0
global.js,21,js,0196775e,JerpBob,2025-01-24,18:00:58,-08:00,2025-01-24T18:00:58-08:00,0,0
global.js,22,js,bc40f8a0,JerpBob,2025-02-08,23:19:19,-08:00,2025-02-08T23:19:19-08:00,0,80
global.js,23,js,bc40f8a0,JerpBob,2025-02-08,23:19:19,-08:00,2025-02-08T23:19:19-08:00,0,31
global.js,24,js,bc40f8a0,JerpBob,2025-02-08,23:19:19,-08:00,2025-02-08T23:19:19-08:00,0,32
global.js,25,js,bc40f8a0,JerpBob,2025-02-08,23:19:19,-08:00,2025-02-08T23:19:19-08:00,0,49
global.js,26,js,bc40f8a0,JerpBob,2025-02-08,23:19:19,-08:00,2025-02-08T23:19:19-08:00,0,20
global.js,27,js,bc40f8a0,JerpBob,2025-02-08,23:19:19,-08:00,2025-02-08T23:19:19-08:00,0,50
global.js,28,js,bc40f8a0,JerpBob,2025-02-08,23:19:19,-08:00,2025-02-08T23:19:19-08:00,0,50
global.js,29,js,bc40f8a0,JerpBob,2025-02-08,23:19:19,-08:00,2025-02-08T23:19:19-08:00,0,4
global.js,30,js,bc40f8a0,JerpBob,2025-02-08,23:19:19,-08:00,2025-02-08T23:19:19-08:00,0,28
global.js,31,js,bc40f8a0,JerpBob,2025-02-08,23:19:19,-08:00,2025-02-08T23:19:19-08:00,0,21
global.js,32,js,bc40f8a0,JerpBob,2025-02-08,23:19:19,-08:00,2025-02-08T23:19:19-08:00,0,5
global.js,33,js,bc40f8a0,JerpBob,2025-02-08,23:19:19,-08:00,2025-02-08T23:19:19-08:00,0,1
global.js,34,js,bc40f8a0,JerpBob,2025-02-08,23:19:19,-08:00,2025-02-08T23:19:19-08:00,0,37
global.js,35,js,bc40f8a0,JerpBob,2025-02-08,23:19:19,-08:00,2025-02-08T23:19:19-08:00,0,0
global.js,36,js,bc40f8a0,JerpBob,2025-02-08,23:19:19,-08:00,2025-02-08T23:19:19-08:00,0,0
global.js,37,js,bc40f8a0,JerpBob,2025-02-08,23:19:19,-08:00,2025-02-08T23:19:19-08:00,0,0
global.js,38,js,bc40f8a0,JerpBob,2025-02-08,23:19:19,-08:00,2025-02-08T23:19:19-08:00,0,58
global.js,39,js,bc40f8a0,JerpBob,2025-02-08,23:19:19,-08:00,2025-02-08T23:19:19-08:00,0,66
global.js,40,js,bc40f8a0,JerpBob,2025-02-08,23:19:19,-08:00,2025-02-08T23:19:19-08:00,0,0
global.js,41,js,bc40f8a0,JerpBob,2025-02-08,23:19:19,-08:00,2025-02-08T23:19:19-08:00,0,0
global.js,42,js,bc40f8a0,JerpBob,2025-02-08,23:19:19,-08:00,2025-02-08T23:19:19-08:00,0,48
global.js,43,js,bc40f8a0,JerpBob,2025-02-08,23:19:19,-08:00,2025-02-08T23:19:19-08:00,0,60
global.js,44,js,bc40f8a0,JerpBob,2025-02-08,23:19:19,-08:00,2025-02-08T23:19:19-08:00,0,0
global.js,45,js,0196775e,JerpBob,2025-01-24,18:00:58,-08:00,2025-01-24T18:00:58-08:00,0,29
global.js,46,js,0196775e,JerpBob,2025-01-24,18:00:58,-08:00,2025-01-24T18:00:58-08:00,0,0
global.js,47,js,0196775e,JerpBob,2025-01-24,18:00:58,-08:00,2025-01-24T18:00:58-08:00,0,34
global.js,48,js,0196775e,JerpBob,2025-01-24,18:00:58,-08:00,2025-01-24T18:00:58-08:00,0,73
global.js,49,js,0196775e,JerpBob,2025-01-24,18:00:58,-08:00,2025-01-24T18:00:58-08:00,0,4
global.js,50,js,0196775e,JerpBob,2025-01-24,18:00:58,-08:00,2025-01-24T18:00:58-08:00,0,0
global.js,51,js,0196775e,JerpBob,2025-01-24,18:00:58,-08:00,2025-01-24T18:00:58-08:00,0,20
global.js,52,js,0196775e,JerpBob,2025-01-24,18:00:58,-08:00,2025-01-24T18:00:58-08:00,0,43
global.js,53,js,0196775e,JerpBob,2025-01-24,18:00:58,-08:00,2025-01-24T18:00:58-08:00,0,3
global.js,54,js,0196775e,JerpBob,2025-01-24,18:00:58,-08:00,2025-01-24T18:00:58-08:00,0,0
global.js,55,js,0196775e,JerpBob,2025-01-24,18:00:58,-08:00,2025-01-24T18:00:58-08:00,0,71
global.js,56,js,0196775e,JerpBob,2025-01-24,18:00:58,-08:00,2025-01-24T18:00:58-08:00,0,0
global.js,57,js,0196775e,JerpBob,2025-01-24,18:00:58,-08:00,2025-01-24T18:00:58-08:00,0,12
global.js,58,js,bc40f8a0,JerpBob,2025-02-08,23:19:19,-08:00,2025-02-08T23:19:19-08:00,0,26
global.js,59,js,bc40f8a0,JerpBob,2025-02-08,23:19:19,-08:00,2025-02-08T23:19:19-08:00,0,39
global.js,60,js,bc40f8a0,JerpBob,2025-02-08,23:19:19,-08:00,2025-02-08T23:19:19-08:00,0,37
global.js,61,js,bc40f8a0,JerpBob,2025-02-08,23:19:19,-08:00,2025-02-08T23:19:19-08:00,0,35
global.js,62,js,1525af09,JerpBob,2025-02-14,13:23:20,-08:00,2025-02-14T13:23:20-08:00,0,31
global.js,63,js,0196775e,JerpBob,2025-01-24,18:00:58,-08:00,2025-01-24T18:00:58-08:00,0,53
global.js,64,js,0196775e,JerpBob,2025-01-24,18:00:58,-08:00,2025-01-24T18:00:58-08:00,0,1
global.js,65,js,0196775e,JerpBob,2025-01-24,18:00:58,-08:00,2025-01-24T18:00:58-08:00,0,39
global.js,66,js,0196775e,JerpBob,2025-01-24,18:00:58,-08:00,2025-01-24T18:00:58-08:00,0,26
global.js,67,js,0196775e,JerpBob,2025-01-24,18:00:58,-08:00,2025-01-24T18:00:58-08:00,0,0
global.js,68,js,0196775e,JerpBob,2025-01-24,18:00:58,-08:00,2025-01-24T18:00:58-08:00,0,21
global.js,69,js,0196775e,JerpBob,2025-01-24,18:00:58,-08:00,2025-01-24T18:00:58-08:00,0,15
global.js,70,js,0196775e,JerpBob,2025-01-24,18:00:58,-08:00,2025-01-24T18:00:58-08:00,0,19
global.js,71,js,f1d74afc,JerpBob,2025-01-24,18:44:45,-08:00,2025-01-24T18:44:45-08:00,0,0
global.js,72,js,5f8ed9e4,JerpBob,2025-01-24,19:43:11,-08:00,2025-01-24T19:43:11-08:00,0,45
global.js,73,js,bc40f8a0,JerpBob,2025-02-08,23:19:19,-08:00,2025-02-08T23:19:19-08:00,0,17
global.js,74,js,a2423c4b,JerpBob,2025-01-24,18:41:47,-08:00,2025-01-24T18:41:47-08:00,0,0
global.js,75,js,794826ea,JerpBob,2025-01-24,19:19:29,-08:00,2025-01-24T19:19:29-08:00,0,0
global.js,76,js,0196775e,JerpBob,2025-01-24,18:00:58,-08:00,2025-01-24T18:00:58-08:00,0,35
global.js,77,js,bc40f8a0,JerpBob,2025-02-08,23:19:19,-08:00,2025-02-08T23:19:19-08:00,0,12
global.js,78,js,bc40f8a0,JerpBob,2025-02-08,23:19:19,-08:00,2025-02-08T23:19:19-08:00,0,21
global.js,79,js,bc40f8a0,JerpBob,2025-02-08,23:19:19,-08:00,2025-02-08T23:19:19-08:00,0,13
global.js,80,js,794826ea,JerpBob,2025-01-24,19:19:29,-08:00,2025-01-24T19:19:29-08:00,0,0
global.js,81,js,bc40f8a0,JerpBob,2025-02-08,23:19:19,-08:00,2025-02-08T23:19:19-08:00,0,30
global.js,82,js,bc40f8a0,JerpBob,2025-02-08,23:19:19,-08:00,2025-02-08T23:19:19-08:00,0,18
global.js,83,js,ced2dde4,JerpBob,2025-01-24,19:38:16,-08:00,2025-01-24T19:38:16-08:00,0,0
global.js,84,js,ced2dde4,JerpBob,2025-01-24,19:38:16,-08:00,2025-01-24T19:38:16-08:00,0,0
global.js,85,js,0196775e,JerpBob,2025-01-24,18:00:58,-08:00,2025-01-24T18:00:58-08:00,0,66
global.js,86,js,0196775e,JerpBob,2025-01-24,18:00:58,-08:00,2025-01-24T18:00:58-08:00,0,26
global.js,87,js,0196775e,JerpBob,2025-01-24,18:00:58,-08:00,2025-01-24T18:00:58-08:00,0,0
global.js,88,js,0196775e,JerpBob,2025-01-24,18:00:58,-08:00,2025-01-24T18:00:58-08:00,0,13
global.js,89,js,0196775e,JerpBob,2025-01-24,18:00:58,-08:00,2025-01-24T18:00:58-08:00,0,0
global.js,90,js,0196775e,JerpBob,2025-01-24,18:00:58,-08:00,2025-01-24T18:00:58-08:00,0,0
global.js,91,js,0196775e,JerpBob,2025-01-24,18:00:58,-08:00,2025-01-24T18:00:58-08:00,0,32
global.js,92,js,0196775e,JerpBob,2025-01-24,18:00:58,-08:00,2025-01-24T18:00:58-08:00,0,12
global.js,93,js,0196775e,JerpBob,2025-01-24,18:00:58,-08:00,2025-01-24T18:00:58-08:00,0,0
global.js,94,js,0196775e,JerpBob,2025-01-24,18:00:58,-08:00,2025-01-24T18:00:58-08:00,0,27
global.js,95,js,0196775e,JerpBob,2025-01-24,18:00:58,-08:00,2025-01-24T18:00:58-08:00,0,5
global.js,96,js,0196775e,JerpBob,2025-01-24,18:00:58,-08:00,2025-01-24T18:00:58-08:00,0,7
global.js,97,js,0196775e,JerpBob,2025-01-24,18:00:58,-08:00,2025-01-24T18:00:58-08:00,0,45
global.js,98,js,0196775e,JerpBob,2025-01-24,18:00:58,-08:00,2025-01-24T18:00:58-08:00,0,35
global.js,99,js,0196775e,JerpBob,2025-01-24,18:00:58,-08:00,2025-01-24T18:00:58-08:00,0,33
global.js,100,js,0196775e,JerpBob,2025-01-24,18:00:58,-08:00,2025-01-24T18:00:58-08:00,0,8
global.js,101,js,0196775e,JerpBob,2025-01-24,18:00:58,-08:00,2025-01-24T18:00:58-08:00,0,8
global.js,102,js,0196775e,JerpBob,2025-01-24,18:00:58,-08:00,2025-01-24T18:00:58-08:00,0,1
global.js,103,js,0196775e,JerpBob,2025-01-24,18:00:58,-08:00,2025-01-24T18:00:58-08:00,0,0
global.js,104,js,0196775e,JerpBob,2025-01-24,18:00:58,-08:00,2025-01-24T18:00:58-08:00,0,44
global.js,105,js,0196775e,JerpBob,2025-01-24,18:00:58,-08:00,2025-01-24T18:00:58-08:00,0,0
global.js,106,js,0196775e,JerpBob,2025-01-24,18:00:58,-08:00,2025-01-24T18:00:58-08:00,0,35
global.js,107,js,0196775e,JerpBob,2025-01-24,18:00:58,-08:00,2025-01-24T18:00:58-08:00,0,84
global.js,108,js,0196775e,JerpBob,2025-01-24,18:00:58,-08:00,2025-01-24T18:00:58-08:00,0,38
global.js,109,js,0196775e,JerpBob,2025-01-24,18:00:58,-08:00,2025-01-24T18:00:58-08:00,0,0
global.js,110,js,0196775e,JerpBob,2025-01-24,18:00:58,-08:00,2025-01-24T18:00:58-08:00,0,0
global.js,111,js,0196775e,JerpBob,2025-01-24,18:00:58,-08:00,2025-01-24T18:00:58-08:00,0,50
global.js,112,js,0196775e,JerpBob,2025-01-24,18:00:58,-08:00,2025-01-24T18:00:58-08:00,0,58
global.js,113,js,0196775e,JerpBob,2025-01-24,18:00:58,-08:00,2025-01-24T18:00:58-08:00,0,78
global.js,114,js,0196775e,JerpBob,2025-01-24,18:00:58,-08:00,2025-01-24T18:00:58-08:00,0,44
global.js,115,js,0196775e,JerpBob,2025-01-24,18:00:58,-08:00,2025-01-24T18:00:58-08:00,0,2
resume/index.html,1,html,86ef1ee8,JerpBob,2025-01-10,21:59:06,-08:00,2025-01-10T21:59:06-08:00,0,14
resume/index.html,2,html,86ef1ee8,JerpBob,2025-01-10,21:59:06,-08:00,2025-01-10T21:59:06-08:00,0,15
resume/index.html,3,html,86ef1ee8,JerpBob,2025-01-10,21:59:06,-08:00,2025-01-10T21:59:06-08:00,0,0
resume/index.html,4,html,86ef1ee8,JerpBob,2025-01-10,21:59:06,-08:00,2025-01-10T21:59:06-08:00,0,5
resume/index.html,5,html,86ef1ee8,JerpBob,2025-01-10,21:59:06,-08:00,2025-01-10T21:59:06-08:00,0,21
resume/index.html,6,html,86ef1ee8,JerpBob,2025-01-10,21:59:06,-08:00,2025-01-10T21:59:06-08:00,0,69
resume/index.html,7,html,86ef1ee8,JerpBob,2025-01-10,21:59:06,-08:00,2025-01-10T21:59:06-08:00,0,20
resume/index.html,8,html,b8a0953e,JerpBob,2025-01-24,13:51:30,-08:00,2025-01-24T13:51:30-08:00,0,42
resume/index.html,9,html,0196775e,JerpBob,2025-01-24,18:00:58,-08:00,2025-01-24T18:00:58-08:00,0,49
resume/index.html,10,html,86ef1ee8,JerpBob,2025-01-10,21:59:06,-08:00,2025-01-10T21:59:06-08:00,0,6
resume/index.html,11,html,86ef1ee8,JerpBob,2025-01-10,21:59:06,-08:00,2025-01-10T21:59:06-08:00,0,0
resume/index.html,12,html,86ef1ee8,JerpBob,2025-01-10,21:59:06,-08:00,2025-01-10T21:59:06-08:00,0,5
resume/index.html,13,html,0196775e,JerpBob,2025-01-24,18:00:58,-08:00,2025-01-24T18:00:58-08:00,0,13
resume/index.html,14,html,b8a0953e,JerpBob,2025-01-24,13:51:30,-08:00,2025-01-24T13:51:30-08:00,0,4
resume/index.html,15,html,b8a0953e,JerpBob,2025-01-24,13:51:30,-08:00,2025-01-24T13:51:30-08:00,0,3
resume/index.html,16,html,b8a0953e,JerpBob,2025-01-24,13:51:30,-08:00,2025-01-24T13:51:30-08:00,0,3
resume/index.html,17,html,b8a0953e,JerpBob,2025-01-24,13:51:30,-08:00,2025-01-24T13:51:30-08:00,0,59
resume/index.html,18,html,b8a0953e,JerpBob,2025-01-24,13:51:30,-08:00,2025-01-24T13:51:30-08:00,0,4
resume/index.html,19,html,b8a0953e,JerpBob,2025-01-24,13:51:30,-08:00,2025-01-24T13:51:30-08:00,0,3
resume/index.html,20,html,b8a0953e,JerpBob,2025-01-24,13:51:30,-08:00,2025-01-24T13:51:30-08:00,0,64
resume/index.html,21,html,b8a0953e,JerpBob,2025-01-24,13:51:30,-08:00,2025-01-24T13:51:30-08:00,0,4
resume/index.html,22,html,b8a0953e,JerpBob,2025-01-24,13:51:30,-08:00,2025-01-24T13:51:30-08:00,0,3
resume/index.html,23,html,b8a0953e,JerpBob,2025-01-24,13:51:30,-08:00,2025-01-24T13:51:30-08:00,0,66
resume/index.html,24,html,b8a0953e,JerpBob,2025-01-24,13:51:30,-08:00,2025-01-24T13:51:30-08:00,0,4
resume/index.html,25,html,b8a0953e,JerpBob,2025-01-24,13:51:30,-08:00,2025-01-24T13:51:30-08:00,0,3
resume/index.html,26,html,0196775e,JerpBob,2025-01-24,18:00:58,-08:00,2025-01-24T18:00:58-08:00,0,62
resume/index.html,27,html,b8a0953e,JerpBob,2025-01-24,13:51:30,-08:00,2025-01-24T13:51:30-08:00,0,4
resume/index.html,28,html,b8a0953e,JerpBob,2025-01-24,13:51:30,-08:00,2025-01-24T13:51:30-08:00,0,3
resume/index.html,29,html,b8a0953e,JerpBob,2025-01-24,13:51:30,-08:00,2025-01-24T13:51:30-08:00,0,62
resume/index.html,30,html,b8a0953e,JerpBob,2025-01-24,13:51:30,-08:00,2025-01-24T13:51:30-08:00,0,4
resume/index.html,31,html,b8a0953e,JerpBob,2025-01-24,13:51:30,-08:00,2025-01-24T13:51:30-08:00,0,4
resume/index.html,32,html,b8a0953e,JerpBob,2025-01-24,13:51:30,-08:00,2025-01-24T13:51:30-08:00,0,5
resume/index.html,33,html,0196775e,JerpBob,2025-01-24,18:00:58,-08:00,2025-01-24T18:00:58-08:00,0,13
resume/index.html,34,html,86ef1ee8,JerpBob,2025-01-10,21:59:06,-08:00,2025-01-10T21:59:06-08:00,0,8
resume/index.html,35,html,86ef1ee8,JerpBob,2025-01-10,21:59:06,-08:00,2025-01-10T21:59:06-08:00,0,3
resume/index.html,36,html,86ef1ee8,JerpBob,2025-01-10,21:59:06,-08:00,2025-01-10T21:59:06-08:00,0,9
resume/index.html,37,html,86ef1ee8,JerpBob,2025-01-10,21:59:06,-08:00,2025-01-10T21:59:06-08:00,0,4
resume/index.html,38,html,86ef1ee8,JerpBob,2025-01-10,21:59:06,-08:00,2025-01-10T21:59:06-08:00,0,3
resume/index.html,39,html,86ef1ee8,JerpBob,2025-01-10,21:59:06,-08:00,2025-01-10T21:59:06-08:00,0,23
resume/index.html,40,html,86ef1ee8,JerpBob,2025-01-10,21:59:06,-08:00,2025-01-10T21:59:06-08:00,0,3
resume/index.html,41,html,86ef1ee8,JerpBob,2025-01-10,21:59:06,-08:00,2025-01-10T21:59:06-08:00,0,37
resume/index.html,42,html,86ef1ee8,JerpBob,2025-01-10,21:59:06,-08:00,2025-01-10T21:59:06-08:00,0,4
resume/index.html,43,html,86ef1ee8,JerpBob,2025-01-10,21:59:06,-08:00,2025-01-10T21:59:06-08:00,0,44
resume/index.html,44,html,86ef1ee8,JerpBob,2025-01-10,21:59:06,-08:00,2025-01-10T21:59:06-08:00,0,9
resume/index.html,45,html,86ef1ee8,JerpBob,2025-01-10,21:59:06,-08:00,2025-01-10T21:59:06-08:00,0,8
resume/index.html,46,html,86ef1ee8,JerpBob,2025-01-10,21:59:06,-08:00,2025-01-10T21:59:06-08:00,0,3
resume/index.html,47,html,86ef1ee8,JerpBob,2025-01-10,21:59:06,-08:00,2025-01-10T21:59:06-08:00,0,10
resume/index.html,48,html,86ef1ee8,JerpBob,2025-01-10,21:59:06,-08:00,2025-01-10T21:59:06-08:00,0,4
resume/index.html,49,html,86ef1ee8,JerpBob,2025-01-10,21:59:06,-08:00,2025-01-10T21:59:06-08:00,0,8
resume/index.html,50,html,86ef1ee8,JerpBob,2025-01-10,21:59:06,-08:00,2025-01-10T21:59:06-08:00,0,3
resume/index.html,51,html,86ef1ee8,JerpBob,2025-01-10,21:59:06,-08:00,2025-01-10T21:59:06-08:00,0,8
resume/index.html,52,html,86ef1ee8,JerpBob,2025-01-10,21:59:06,-08:00,2025-01-10T21:59:06-08:00,0,3
resume/index.html,53,html,86ef1ee8,JerpBob,2025-01-10,21:59:06,-08:00,2025-01-10T21:59:06-08:00,0,65
resume/index.html,54,html,86ef1ee8,JerpBob,2025-01-10,21:59:06,-08:00,2025-01-10T21:59:06-08:00,0,4
resume/index.html,55,html,86ef1ee8,JerpBob,2025-01-10,21:59:06,-08:00,2025-01-10T21:59:06-08:00,0,23
resume/index.html,56,html,86ef1ee8,JerpBob,2025-01-10,21:59:06,-08:00,2025-01-10T21:59:06-08:00,0,28
resume/index.html,57,html,86ef1ee8,JerpBob,2025-01-10,21:59:06,-08:00,2025-01-10T21:59:06-08:00,0,28
resume/index.html,58,html,86ef1ee8,JerpBob,2025-01-10,21:59:06,-08:00,2025-01-10T21:59:06-08:00,0,9
resume/index.html,59,html,86ef1ee8,JerpBob,2025-01-10,21:59:06,-08:00,2025-01-10T21:59:06-08:00,0,8
resume/index.html,60,html,86ef1ee8,JerpBob,2025-01-10,21:59:06,-08:00,2025-01-10T21:59:06-08:00,0,3
resume/index.html,61,html,86ef1ee8,JerpBob,2025-01-10,21:59:06,-08:00,2025-01-10T21:59:06-08:00,0,23
resume/index.html,62,html,86ef1ee8,JerpBob,2025-01-10,21:59:06,-08:00,2025-01-10T21:59:06-08:00,0,3
resume/index.html,63,html,86ef1ee8,JerpBob,2025-01-10,21:59:06,-08:00,2025-01-10T21:59:06-08:00,0,63
resume/index.html,64,html,86ef1ee8,JerpBob,2025-01-10,21:59:06,-08:00,2025-01-10T21:59:06-08:00,0,4
resume/index.html,65,html,86ef1ee8,JerpBob,2025-01-10,21:59:06,-08:00,2025-01-10T21:59:06-08:00,0,44
resume/index.html,66,html,86ef1ee8,JerpBob,2025-01-10,21:59:06,-08:00,2025-01-10T21:59:06-08:00,0,35
resume/index.html,67,html,86ef1ee8,JerpBob,2025-01-10,21:59:06,-08:00,2025-01-10T21:59:06-08:00,0,33
resume/index.html,68,html,86ef1ee8,JerpBob,2025-01-10,21:59:06,-08:00,2025-01-10T21:59:06-08:00,0,9
resume/index.html,69,html,86ef1ee8,JerpBob,2025-01-10,21:59:06,-08:00,2025-01-10T21:59:06-08:00,0,9
resume/index.html,70,html,86ef1ee8,JerpBob,2025-01-10,21:59:06,-08:00,2025-01-10T21:59:06-08:00,0,8
resume/index.html,71,html,86ef1ee8,JerpBob,2025-01-10,21:59:06,-08:00,2025-01-10T21:59:06-08:00,0,3
resume/index.html,72,html,86ef1ee8,JerpBob,2025-01-10,21:59:06,-08:00,2025-01-10T21:59:06-08:00,0,6
resume/index.html,73,html,86ef1ee8,JerpBob,2025-01-10,21:59:06,-08:00,2025-01-10T21:59:06-08:00,0,4
resume/index.html,74,html,86ef1ee8,JerpBob,2025-01-10,21:59:06,-08:00,2025-01-10T21:59:06-08:00,0,14
resume/index.html,75,html,86ef1ee8,JerpBob,2025-01-10,21:59:06,-08:00,2025-01-10T21:59:06-08:00,0,11
resume/index.html,76,html,86ef1ee8,JerpBob,2025-01-10,21:59:06,-08:00,2025-01-10T21:59:06-08:00,0,14
resume/index.html,77,html,86ef1ee8,JerpBob,2025-01-10,21:59:06,-08:00,2025-01-10T21:59:06-08:00,0,21
resume/index.html,78,html,86ef1ee8,JerpBob,2025-01-10,21:59:06,-08:00,2025-01-10T21:59:06-08:00,0,11
resume/index.html,79,html,86ef1ee8,JerpBob,2025-01-10,21:59:06,-08:00,2025-01-10T21:59:06-08:00,0,9
resume/index.html,80,html,86ef1ee8,JerpBob,2025-01-10,21:59:06,-08:00,2025-01-10T21:59:06-08:00,0,6
resume/index.html,81,html,86ef1ee8,JerpBob,2025-01-10,21:59:06,-08:00,2025-01-10T21:59:06-08:00,0,0
resume/index.html,82,html,86ef1ee8,JerpBob,2025-01-10,21:59:06,-08:00,2025-01-10T21:59:06-08:00,0,6
projects/projects.js,1,js,bc40f8a0,JerpBob,2025-02-08,23:19:19,-08:00,2025-02-08T23:19:19-08:00,0,71
projects/projects.js,2,js,bc40f8a0,JerpBob,2025-02-08,23:19:19,-08:00,2025-02-08T23:19:19-08:00,0,64
projects/projects.js,3,js,bc40f8a0,JerpBob,2025-02-08,23:19:19,-08:00,2025-02-08T23:19:19-08:00,0,0
projects/projects.js,4,js,bc40f8a0,JerpBob,2025-02-08,23:19:19,-08:00,2025-02-08T23:19:19-08:00,0,56
projects/projects.js,5,js,bc40f8a0,JerpBob,2025-02-08,23:19:19,-08:00,2025-02-08T23:19:19-08:00,0,61
projects/projects.js,6,js,bc40f8a0,JerpBob,2025-02-08,23:19:19,-08:00,2025-02-08T23:19:19-08:00,0,62
projects/projects.js,7,js,bc40f8a0,JerpBob,2025-02-08,23:19:19,-08:00,2025-02-08T23:19:19-08:00,0,49
projects/projects.js,8,js,bc40f8a0,JerpBob,2025-02-08,23:19:19,-08:00,2025-02-08T23:19:19-08:00,0,37
projects/projects.js,9,js,bc40f8a0,JerpBob,2025-02-08,23:19:19,-08:00,2025-02-08T23:19:19-08:00,0,20
projects/projects.js,10,js,bc40f8a0,JerpBob,2025-02-08,23:19:19,-08:00,2025-02-08T23:19:19-08:00,0,5
projects/projects.js,11,js,bc40f8a0,JerpBob,2025-02-08,23:19:19,-08:00,2025-02-08T23:19:19-08:00,0,14
projects/projects.js,12,js,bc40f8a0,JerpBob,2025-02-08,23:19:19,-08:00,2025-02-08T23:19:19-08:00,0,16
projects/projects.js,13,js,bc40f8a0,JerpBob,2025-02-08,23:19:19,-08:00,2025-02-08T23:19:19-08:00,0,0
projects/projects.js,14,js,bc40f8a0,JerpBob,2025-02-08,23:19:19,-08:00,2025-02-08T23:19:19-08:00,0,14
projects/projects.js,15,js,bc40f8a0,JerpBob,2025-02-08,23:19:19,-08:00,2025-02-08T23:19:19-08:00,0,54
projects/projects.js,16,js,bc40f8a0,JerpBob,2025-02-08,23:19:19,-08:00,2025-02-08T23:19:19-08:00,0,53
projects/projects.js,17,js,bc40f8a0,JerpBob,2025-02-08,23:19:19,-08:00,2025-02-08T23:19:19-08:00,0,27
projects/projects.js,18,js,bc40f8a0,JerpBob,2025-02-08,23:19:19,-08:00,2025-02-08T23:19:19-08:00,0,33
projects/projects.js,19,js,bc40f8a0,JerpBob,2025-02-08,23:19:19,-08:00,2025-02-08T23:19:19-08:00,0,24
projects/projects.js,20,js,bc40f8a0,JerpBob,2025-02-08,23:19:19,-08:00,2025-02-08T23:19:19-08:00,0,59
projects/projects.js,21,js,bc40f8a0,JerpBob,2025-02-08,23:19:19,-08:00,2025-02-08T23:19:19-08:00,0,71
projects/projects.js,22,js,bc40f8a0,JerpBob,2025-02-08,23:19:19,-08:00,2025-02-08T23:19:19-08:00,0,54
projects/projects.js,23,js,bc40f8a0,JerpBob,2025-02-08,23:19:19,-08:00,2025-02-08T23:19:19-08:00,0,9
projects/projects.js,24,js,bc40f8a0,JerpBob,2025-02-08,23:19:19,-08:00,2025-02-08T23:19:19-08:00,0,33
projects/projects.js,25,js,bc40f8a0,JerpBob,2025-02-08,23:19:19,-08:00,2025-02-08T23:19:19-08:00,0,64
projects/projects.js,26,js,bc40f8a0,JerpBob,2025-02-08,23:19:19,-08:00,2025-02-08T23:19:19-08:00,0,34
projects/projects.js,27,js,bc40f8a0,JerpBob,2025-02-08,23:19:19,-08:00,2025-02-08T23:19:19-08:00,0,27
projects/projects.js,28,js,bc40f8a0,JerpBob,2025-02-08,23:19:19,-08:00,2025-02-08T23:19:19-08:00,0,26
projects/projects.js,29,js,bc40f8a0,JerpBob,2025-02-08,23:19:19,-08:00,2025-02-08T23:19:19-08:00,0,24
projects/projects.js,30,js,bc40f8a0,JerpBob,2025-02-08,23:19:19,-08:00,2025-02-08T23:19:19-08:00,0,8
projects/projects.js,31,js,bc40f8a0,JerpBob,2025-02-08,23:19:19,-08:00,2025-02-08T23:19:19-08:00,0,0
projects/projects.js,32,js,bc40f8a0,JerpBob,2025-02-08,23:19:19,-08:00,2025-02-08T23:19:19-08:00,0,52
projects/projects.js,33,js,bc40f8a0,JerpBob,2025-02-08,23:19:19,-08:00,2025-02-08T23:19:19-08:00,0,47
projects/projects.js,34,js,bc40f8a0,JerpBob,2025-02-08,23:19:19,-08:00,2025-02-08T23:19:19-08:00,0,9
projects/projects.js,35,js,bc40f8a0,JerpBob,2025-02-08,23:19:19,-08:00,2025-02-08T23:19:19-08:00,0,0
projects/projects.js,36,js,bc40f8a0,JerpBob,2025-02-08,23:19:19,-08:00,2025-02-08T23:19:19-08:00,0,0
projects/projects.js,37,js,bc40f8a0,JerpBob,2025-02-08,23:19:19,-08:00,2025-02-08T23:19:19-08:00,0,58
projects/projects.js,38,js,bc40f8a0,JerpBob,2025-02-08,23:19:19,-08:00,2025-02-08T23:19:19-08:00,0,41
projects/projects.js,39,js,bc40f8a0,JerpBob,2025-02-08,23:19:19,-08:00,2025-02-08T23:19:19-08:00,0,53
projects/projects.js,40,js,bc40f8a0,JerpBob,2025-02-08,23:19:19,-08:00,2025-02-08T23:19:19-08:00,0,55
projects/projects.js,41,js,bc40f8a0,JerpBob,2025-02-08,23:19:19,-08:00,2025-02-08T23:19:19-08:00,0,0
projects/projects.js,42,js,bc40f8a0,JerpBob,2025-02-08,23:19:19,-08:00,2025-02-08T23:19:19-08:00,0,0
projects/projects.js,43,js,bc40f8a0,JerpBob,2025-02-08,23:19:19,-08:00,2025-02-08T23:19:19-08:00,0,36
projects/projects.js,44,js,bc40f8a0,JerpBob,2025-02-08,23:19:19,-08:00,2025-02-08T23:19:19-08:00,0,26
projects/projects.js,45,js,bc40f8a0,JerpBob,2025-02-08,23:19:19,-08:00,2025-02-08T23:19:19-08:00,0,29
projects/projects.js,46,js,bc40f8a0,JerpBob,2025-02-08,23:19:19,-08:00,2025-02-08T23:19:19-08:00,0,29
projects/projects.js,47,js,bc40f8a0,JerpBob,2025-02-08,23:19:19,-08:00,2025-02-08T23:19:19-08:00,0,48
projects/projects.js,48,js,bc40f8a0,JerpBob,2025-02-08,23:19:19,-08:00,2025-02-08T23:19:19-08:00,0,8
projects/projects.js,49,js,bc40f8a0,JerpBob,2025-02-08,23:19:19,-08:00,2025-02-08T23:19:19-08:00,0,0
projects/projects.js,50,js,bc40f8a0,JerpBob,2025-02-08,23:19:19,-08:00,2025-02-08T23:19:19-08:00,0,40
projects/projects.js,51,js,bc40f8a0,JerpBob,2025-02-08,23:19:19,-08:00,2025-02-08T23:19:19-08:00,0,32
projects/projects.js,52,js,bc40f8a0,JerpBob,2025-02-08,23:19:19,-08:00,2025-02-08T23:19:19-08:00,0,29
projects/projects.js,53,js,bc40f8a0,JerpBob,2025-02-08,23:19:19,-08:00,2025-02-08T23:19:19-08:00,0,109
projects/projects.js,54,js,bc40f8a0,JerpBob,2025-02-08,23:19:19,-08:00,2025-02-08T23:19:19-08:00,0,43
projects/projects.js,55,js,bc40f8a0,JerpBob,2025-02-08,23:19:19,-08:00,2025-02-08T23:19:19-08:00,0,115
projects/projects.js,56,js,bc40f8a0,JerpBob,2025-02-08,23:19:19,-08:00,2025-02-08T23:19:19-08:00,0,8
projects/projects.js,57,js,bc40f8a0,JerpBob,2025-02-08,23:19:19,-08:00,2025-02-08T23:19:19-08:00,0,5
projects/projects.js,58,js,bc40f8a0,JerpBob,2025-02-08,23:19:19,-08:00,2025-02-08T23:19:19-08:00,0,0
projects/projects.js,59,js,bc40f8a0,JerpBob,2025-02-08,23:19:19,-08:00,2025-02-08T23:19:19-08:00,0,0
projects/projects.js,60,js,bc40f8a0,JerpBob,2025-02-08,23:19:19,-08:00,2025-02-08T23:19:19-08:00,0,39
projects/projects.js,61,js,bc40f8a0,JerpBob,2025-02-08,23:19:19,-08:00,2025-02-08T23:19:19-08:00,0,26
projects/projects.js,62,js,bc40f8a0,JerpBob,2025-02-08,23:19:19,-08:00,2025-02-08T23:19:19-08:00,0,30
projects/projects.js,63,js,bc40f8a0,JerpBob,2025-02-08,23:19:19,-08:00,2025-02-08T23:19:19-08:00,0,13
projects/projects.js,64,js,bc40f8a0,JerpBob,2025-02-08,23:19:19,-08:00,2025-02-08T23:19:19-08:00,0,15
projects/projects.js,65,js,bc40f8a0,JerpBob,2025-02-08,23:19:19,-08:00,2025-02-08T23:19:19-08:00,0,13
projects/projects.js,66,js,bc40f8a0,JerpBob,2025-02-08,23:19:19,-08:00,2025-02-08T23:19:19-08:00,0,1
projects/projects.js,67,js,bc40f8a0,JerpBob,2025-02-08,23:19:19,-08:00,2025-02-08T23:19:19-08:00,0,19
projects/projects.js,68,js,bc40f8a0,JerpBob,2025-02-08,23:19:19,-08:00,2025-02-08T23:19:19-08:00,0,51
projects/projects.js,69,js,bc40f8a0,JerpBob,2025-02-08,23:19:19,-08:00,2025-02-08T23:19:19-08:00,0,44
projects/projects.js,70,js,bc40f8a0,JerpBob,2025-02-08,23:19:19,-08:00,2025-02-08T23:19:19-08:00,0,2
projects/projects.js,71,js,bc40f8a0,JerpBob,2025-02-08,23:19:19,-08:00,2025-02-08T23:19:19-08:00,0,51
projects/projects.js,72,js,bc40f8a0,JerpBob,2025-02-08,23:19:19,-08:00,2025-02-08T23:19:19-08:00,0,54
projects/projects.js,73,js,bc40f8a0,JerpBob,2025-02-08,23:19:19,-08:00,2025-02-08T23:19:19-08:00,0,43
projects/projects.js,74,js,bc40f8a0,JerpBob,2025-02-08,23:19:19,-08:00,2025-02-08T23:19:19-08:00,0,52
projects/projects.js,75,js,bc40f8a0,JerpBob,2025-02-08,23:19:19,-08:00,2025-02-08T23:19:19-08:00,0,0
projects/projects.js,76,js,bc40f8a0,JerpBob,2025-02-08,23:19:19,-08:00,2025-02-08T23:19:19-08:00,0,29
projects/projects.js,77,js,bc40f8a0,JerpBob,2025-02-08,23:19:19,-08:00,2025-02-08T23:19:19-08:00,0,33
projects/projects.js,78,js,bc40f8a0,JerpBob,2025-02-08,23:19:19,-08:00,2025-02-08T23:19:19-08:00,0,0
projects/projects.js,79,js,bc40f8a0,JerpBob,2025-02-08,23:19:19,-08:00,2025-02-08T23:19:19-08:00,0,36
projects/projects.js,80,js,bc40f8a0,JerpBob,2025-02-08,23:19:19,-08:00,2025-02-08T23:19:19-08:00,0,44
projects/projects.js,81,js,bc40f8a0,JerpBob,2025-02-08,23:19:19,-08:00,2025-02-08T23:19:19-08:00,0,0
projects/projects.js,82,js,bc40f8a0,JerpBob,2025-02-08,23:19:19,-08:00,2025-02-08T23:19:19-08:00,0,48
projects/projects.js,83,js,bc40f8a0,JerpBob,2025-02-08,23:19:19,-08:00,2025-02-08T23:19:19-08:00,0,0
projects/projects.js,84,js,bc40f8a0,JerpBob,2025-02-08,23:19:19,-08:00,2025-02-08T23:19:19-08:00,0,32
projects/projects.js,85,js,bc40f8a0,JerpBob,2025-02-08,23:19:19,-08:00,2025-02-08T23:19:19-08:00,0,15
projects/projects.js,86,js,bc40f8a0,JerpBob,2025-02-08,23:19:19,-08:00,2025-02-08T23:19:19-08:00,0,14
projects/projects.js,87,js,bc40f8a0,JerpBob,2025-02-08,23:19:19,-08:00,2025-02-08T23:19:19-08:00,0,14
projects/projects.js,88,js,bc40f8a0,JerpBob,2025-02-08,23:19:19,-08:00,2025-02-08T23:19:19-08:00,0,33
projects/projects.js,89,js,bc40f8a0,JerpBob,2025-02-08,23:19:19,-08:00,2025-02-08T23:19:19-08:00,0,1
projects/projects.js,90,js,bc40f8a0,JerpBob,2025-02-08,23:19:19,-08:00,2025-02-08T23:19:19-08:00,0,0
projects/projects.js,91,js,bc40f8a0,JerpBob,2025-02-08,23:19:19,-08:00,2025-02-08T23:19:19-08:00,0,28
projects/projects.js,92,js,bc40f8a0,JerpBob,2025-02-08,23:19:19,-08:00,2025-02-08T23:19:19-08:00,0,21
projects/projects.js,93,js,bc40f8a0,JerpBob,2025-02-08,23:19:19,-08:00,2025-02-08T23:19:19-08:00,0,94
projects/projects.js,94,js,bc40f8a0,JerpBob,2025-02-08,23:19:19,-08:00,2025-02-08T23:19:19-08:00,0,28
projects/projects.js,95,js,bc40f8a0,JerpBob,2025-02-08,23:19:19,-08:00,2025-02-08T23:19:19-08:00,0,100
projects/projects.js,96,js,bc40f8a0,JerpBob,2025-02-08,23:19:19,-08:00,2025-02-08T23:19:19-08:00,0,1
projects/projects.js,97,js,bc40f8a0,JerpBob,2025-02-08,23:19:19,-08:00,2025-02-08T23:19:19-08:00,0,0
projects/projects.js,98,js,bc40f8a0,JerpBob,2025-02-08,23:19:19,-08:00,2025-02-08T23:19:19-08:00,0,0
projects/projects.js,99,js,bc40f8a0,JerpBob,2025-02-08,23:19:19,-08:00,2025-02-08T23:19:19-08:00,0,33
projects/projects.js,100,js,bc40f8a0,JerpBob,2025-02-08,23:19:19,-08:00,2025-02-08T23:19:19-08:00,0,24
projects/projects.js,101,js,bc40f8a0,JerpBob,2025-02-08,23:19:19,-08:00,2025-02-08T23:19:19-08:00,0,0
projects/projects.js,102,js,bc40f8a0,JerpBob,2025-02-08,23:19:19,-08:00,2025-02-08T23:19:19-08:00,0,49
projects/projects.js,103,js,bc40f8a0,JerpBob,2025-02-08,23:19:19,-08:00,2025-02-08T23:19:19-08:00,0,26
projects/projects.js,104,js,bc40f8a0,JerpBob,2025-02-08,23:19:19,-08:00,2025-02-08T23:19:19-08:00,0,17
projects/projects.js,105,js,bc40f8a0,JerpBob,2025-02-08,23:19:19,-08:00,2025-02-08T23:19:19-08:00,0,52
projects/projects.js,106,js,bc40f8a0,JerpBob,2025-02-08,23:19:19,-08:00,2025-02-08T23:19:19-08:00,0,60
projects/projects.js,107,js,bc40f8a0,JerpBob,2025-02-08,23:19:19,-08:00,2025-02-08T23:19:19-08:00,0,43
projects/projects.js,108,js,bc40f8a0,JerpBob,2025-02-08,23:19:19,-08:00,2025-02-08T23:19:19-08:00,0,2
projects/projects.js,109,js,bc40f8a0,JerpBob,2025-02-08,23:19:19,-08:00,2025-02-08T23:19:19-08:00,0,53
projects/projects.js,110,js,bc40f8a0,JerpBob,2025-02-08,23:19:19,-08:00,2025-02-08T23:19:19-08:00,0,57
projects/projects.js,111,js,bc40f8a0,JerpBob,2025-02-08,23:19:19,-08:00,2025-02-08T23:19:19-08:00,0,32
projects/projects.js,112,js,bc40f8a0,JerpBob,2025-02-08,23:19:19,-08:00,2025-02-08T23:19:19-08:00,0,2
projects/projects.js,113,js,bc40f8a0,JerpBob,2025-02-08,23:19:19,-08:00,2025-02-08T23:19:19-08:00,0,0
projects/projects.js,114,js,bc40f8a0,JerpBob,2025-02-08,23:19:19,-08:00,2025-02-08T23:19:19-08:00,0,25
projects/projects.js,115,js,bc40f8a0,JerpBob,2025-02-08,23:19:19,-08:00,2025-02-08T23:19:19-08:00,0,29
projects/projects.js,116,js,bc40f8a0,JerpBob,2025-02-08,23:19:19,-08:00,2025-02-08T23:19:19-08:00,0,33
projects/projects.js,117,js,bc40f8a0,JerpBob,2025-02-08,23:19:19,-08:00,2025-02-08T23:19:19-08:00,0,28
projects/projects.js,118,js,bc40f8a0,JerpBob,2025-02-08,23:19:19,-08:00,2025-02-08T23:19:19-08:00,0,9
projects/projects.js,119,js,bc40f8a0,JerpBob,2025-02-08,23:19:19,-08:00,2025-02-08T23:19:19-08:00,0,25
projects/projects.js,120,js,bc40f8a0,JerpBob,2025-02-08,23:19:19,-08:00,2025-02-08T23:19:19-08:00,0,25
projects/projects.js,121,js,bc40f8a0,JerpBob,2025-02-08,23:19:19,-08:00,2025-02-08T23:19:19-08:00,0,34
projects/projects.js,122,js,bc40f8a0,JerpBob,2025-02-08,23:19:19,-08:00,2025-02-08T23:19:19-08:00,0,30
projects/projects.js,123,js,bc40f8a0,JerpBob,2025-02-08,23:19:19,-08:00,2025-02-08T23:19:19-08:00,0,59
projects/projects.js,124,js,bc40f8a0,JerpBob,2025-02-08,23:19:19,-08:00,2025-02-08T23:19:19-08:00,0,0
projects/projects.js,125,js,bc40f8a0,JerpBob,2025-02-08,23:19:19,-08:00,2025-02-08T23:19:19-08:00,0,17
projects/projects.js,126,js,bc40f8a0,JerpBob,2025-02-08,23:19:19,-08:00,2025-02-08T23:19:19-08:00,0,36
projects/projects.js,127,js,bc40f8a0,JerpBob,2025-02-08,23:19:19,-08:00,2025-02-08T23:19:19-08:00,0,46
projects/projects.js,128,js,bc40f8a0,JerpBob,2025-02-08,23:19:19,-08:00,2025-02-08T23:19:19-08:00,0,88
projects/projects.js,129,js,bc40f8a0,JerpBob,2025-02-08,23:19:19,-08:00,2025-02-08T23:19:19-08:00,0,19
projects/projects.js,130,js,bc40f8a0,JerpBob,2025-02-08,23:19:19,-08:00,2025-02-08T23:19:19-08:00,0,13
projects/projects.js,131,js,bc40f8a0,JerpBob,2025-02-08,23:19:19,-08:00,2025-02-08T23:19:19-08:00,0,5
projects/index.html,1,html,0a22f90b,JerpBob,2025-01-10,15:22:22,-08:00,2025-01-10T15:22:22-08:00,0,14
projects/index.html,2,html,0a22f90b,JerpBob,2025-01-10,15:22:22,-08:00,2025-01-10T15:22:22-08:00,0,15
projects/index.html,3,html,0a22f90b,JerpBob,2025-01-10,15:22:22,-08:00,2025-01-10T15:22:22-08:00,0,0
projects/index.html,4,html,0a22f90b,JerpBob,2025-01-10,15:22:22,-08:00,2025-01-10T15:22:22-08:00,0,5
projects/index.html,5,html,0a22f90b,JerpBob,2025-01-10,15:22:22,-08:00,2025-01-10T15:22:22-08:00,0,21
projects/index.html,6,html,0a22f90b,JerpBob,2025-01-10,15:22:22,-08:00,2025-01-10T15:22:22-08:00,0,69
projects/index.html,7,html,0a22f90b,JerpBob,2025-01-10,15:22:22,-08:00,2025-01-10T15:22:22-08:00,0,22
projects/index.html,8,html,b8a0953e,JerpBob,2025-01-24,13:51:30,-08:00,2025-01-24T13:51:30-08:00,0,42
projects/index.html,9,html,0196775e,JerpBob,2025-01-24,18:00:58,-08:00,2025-01-24T18:00:58-08:00,0,49
projects/index.html,10,html,bc40f8a0,JerpBob,2025-02-08,23:19:19,-08:00,2025-02-08T23:19:19-08:00,0,48
projects/index.html,11,html,0a22f90b,JerpBob,2025-01-10,15:22:22,-08:00,2025-01-10T15:22:22-08:00,0,6
projects/index.html,12,html,0a22f90b,JerpBob,2025-01-10,15:22:22,-08:00,2025-01-10T15:22:22-08:00,0,0
projects/index.html,13,html,0a22f90b,JerpBob,2025-01-10,15:22:22,-08:00,2025-01-10T15:22:22-08:00,0,5
projects/index.html,14,html,0196775e,JerpBob,2025-01-24,18:00:58,-08:00,2025-01-24T18:00:58-08:00,0,13
projects/index.html,15,html,86ef1ee8,JerpBob,2025-01-10,21:59:06,-08:00,2025-01-10T21:59:06-08:00,0,4
projects/index.html,16,html,b8a0953e,JerpBob,2025-01-24,13:51:30,-08:00,2025-01-24T13:51:30-08:00,0,3
projects/index.html,17,html,b8a0953e,JerpBob,2025-01-24,13:51:30,-08:00,2025-01-24T13:51:30-08:00,0,3
projects/index.html,18,html,b8a0953e,JerpBob,2025-01-24,13:51:30,-08:00,2025-01-24T13:51:30-08:00,0,59
projects/index.html,19,html,b8a0953e,JerpBob,2025-01-24,13:51:30,-08:00,2025-01-24T13:51:30-08:00,0,4
projects/index.html,20,html,b8a0953e,JerpBob,2025-01-24,13:51:30,-08:00,2025-01-24T13:51:30-08:00,0,3
projects/index.html,21,html,b8a0953e,JerpBob,2025-01-24,13:51:30,-08:00,2025-01-24T13:51:30-08:00,0,64
projects/index.html,22,html,b8a0953e,JerpBob,2025-01-24,13:51:30,-08:00,2025-01-24T13:51:30-08:00,0,4
projects/index.html,23,html,b8a0953e,JerpBob,2025-01-24,13:51:30,-08:00,2025-01-24T13:51:30-08:00,0,3
projects/index.html,24,html,0196775e,JerpBob,2025-01-24,18:00:58,-08:00,2025-01-24T18:00:58-08:00,0,66
projects/index.html,25,html,b8a0953e,JerpBob,2025-01-24,13:51:30,-08:00,2025-01-24T13:51:30-08:00,0,4
projects/index.html,26,html,b8a0953e,JerpBob,2025-01-24,13:51:30,-08:00,2025-01-24T13:51:30-08:00,0,3
projects/index.html,27,html,b8a0953e,JerpBob,2025-01-24,13:51:30,-08:00,2025-01-24T13:51:30-08:00,0,62
projects/index.html,28,html,b8a0953e,JerpBob,2025-01-24,13:51:30,-08:00,2025-01-24T13:51:30-08:00,0,4
projects/index.html,29,html,b8a0953e,JerpBob,2025-01-24,13:51:30,-08:00,2025-01-24T13:51:30-08:00,0,3
projects/index.html,30,html,b8a0953e,JerpBob,2025-01-24,13:51:30,-08:00,2025-01-24T13:51:30-08:00,0,62
projects/index.html,31,html,b8a0953e,JerpBob,2025-01-24,13:51:30,-08:00,2025-01-24T13:51:30-08:00,0,4
projects/index.html,32,html,b8a0953e,JerpBob,2025-01-24,13:51:30,-08:00,2025-01-24T13:51:30-08:00,0,4
projects/index.html,33,html,86ef1ee8,JerpBob,2025-01-10,21:59:06,-08:00,2025-01-10T21:59:06-08:00,0,5
projects/index.html,34,html,0196775e,JerpBob,2025-01-24,18:00:58,-08:00,2025-01-24T18:00:58-08:00,0,13
projects/index.html,35,html,bc40f8a0,JerpBob,2025-02-08,23:19:19,-08:00,2025-02-08T23:19:19-08:00,0,27
projects/index.html,36,html,bc40f8a0,JerpBob,2025-02-08,23:19:19,-08:00,2025-02-08T23:19:19-08:00,0,0
projects/index.html,37,html,bc40f8a0,JerpBob,2025-02-08,23:19:19,-08:00,2025-02-08T23:19:19-08:00,0,5
projects/index.html,38,html,bc40f8a0,JerpBob,2025-02-08,23:19:19,-08:00,2025-02-08T23:19:19-08:00,0,22
projects/index.html,39,html,bc40f8a0,JerpBob,2025-02-08,23:19:19,-08:00,2025-02-08T23:19:19-08:00,0,53
projects/index.html,40,html,bc40f8a0,JerpBob,2025-02-08,23:19:19,-08:00,2025-02-08T23:19:19-08:00,0,5
projects/index.html,41,html,bc40f8a0,JerpBob,2025-02-08,23:19:19,-08:00,2025-02-08T23:19:19-08:00,0,23
projects/index.html,42,html,bc40f8a0,JerpBob,2025-02-08,23:19:19,-08:00,2025-02-08T23:19:19-08:00,0,5
projects/index.html,43,html,bc40f8a0,JerpBob,2025-02-08,23:19:19,-08:00,2025-02-08T23:19:19-08:00,0,103
projects/index.html,44,html,bc40f8a0,JerpBob,2025-02-08,23:19:19,-08:00,2025-02-08T23:19:19-08:00,0,0
projects/index.html,45,html,bc40f8a0,JerpBob,2025-02-08,23:19:19,-08:00,2025-02-08T23:19:19-08:00,0,0
projects/index.html,46,html,b8a0953e,JerpBob,2025-01-24,13:51:30,-08:00,2025-01-24T13:51:30-08:00,0,21
projects/index.html,47,html,bc40f8a0,JerpBob,2025-02-08,23:19:19,-08:00,2025-02-08T23:19:19-08:00,0,0
projects/index.html,48,html,b8a0953e,JerpBob,2025-01-24,13:51:30,-08:00,2025-01-24T13:51:30-08:00,0,5
projects/index.html,49,html,bc40f8a0,JerpBob,2025-02-08,23:19:19,-08:00,2025-02-08T23:19:19-08:00,0,0
projects/index.html,50,html,0a22f90b,JerpBob,2025-01-10,15:22:22,-08:00,2025-01-10T15:22:22-08:00,0,6
projects/index.html,51,html,0a22f90b,JerpBob,2025-01-10,15:22:22,-08:00,2025-01-10T15:22:22-08:00,0,0
projects/index.html,52,html,0a22f90b,JerpBob,2025-01-10,15:22:22,-08:00,2025-01-10T15:22:22-08:00,0,6
meta/index.html,1,html,1525af09,JerpBob,2025-02-14,13:23:20,-08:00,2025-02-14T13:23:20-08:00,0,14
meta/index.html,2,html,1525af09,JerpBob,2025-02-14,13:23:20,-08:00,2025-02-14T13:23:20-08:00,0,15
meta/index.html,3,html,1525af09,JerpBob,2025-02-14,13:23:20,-08:00,2025-02-14T13:23:20-08:00,0,0
meta/index.html,4,html,1525af09,JerpBob,2025-02-14,13:23:20,-08:00,2025-02-14T13:23:20-08:00,0,5
meta/index.html,5,html,1525af09,JerpBob,2025-02-14,13:23:20,-08:00,2025-02-14T13:23:20-08:00,0,21
meta/index.html,6,html,1525af09,JerpBob,2025-02-14,13:23:20,-08:00,2025-02-14T13:23:20-08:00,0,69
meta/index.html,7,html,1525af09,JerpBob,2025-02-14,13:23:20,-08:00,2025-02-14T13:23:20-08:00,0,18
meta/index.html,8,html,1525af09,JerpBob,2025-02-14,13:23:20,-08:00,2025-02-14T13:23:20-08:00,0,42
meta/index.html,9,html,1525af09,JerpBob,2025-02-14,13:23:20,-08:00,2025-02-14T13:23:20-08:00,0,49
meta/index.html,10,html,1525af09,JerpBob,2025-02-14,13:23:20,-08:00,2025-02-14T13:23:20-08:00,0,6
meta/index.html,11,html,1525af09,JerpBob,2025-02-14,13:23:20,-08:00,2025-02-14T13:23:20-08:00,0,0
meta/index.html,12,html,1525af09,JerpBob,2025-02-14,13:23:20,-08:00,2025-02-14T13:23:20-08:00,0,5
meta/index.html,13,html,1525af09,JerpBob,2025-02-14,13:23:20,-08:00,2025-02-14T13:23:20-08:00,0,12
meta/index.html,14,html,1525af09,JerpBob,2025-02-14,13:23:20,-08:00,2025-02-14T13:23:20-08:00,0,61
meta/index.html,15,html,1525af09,JerpBob,2025-02-14,13:23:20,-08:00,2025-02-14T13:23:20-08:00,0,6
meta/index.html,16,html,1525af09,JerpBob,2025-02-14,13:23:20,-08:00,2025-02-14T13:23:20-08:00,0,0
meta/index.html,17,html,1525af09,JerpBob,2025-02-14,13:23:20,-08:00,2025-02-14T13:23:20-08:00,0,6
contact/index.html,1,html,0a22f90b,JerpBob,2025-01-10,15:22:22,-08:00,2025-01-10T15:22:22-08:00,0,14
contact/index.html,2,html,0a22f90b,JerpBob,2025-01-10,15:22:22,-08:00,2025-01-10T15:22:22-08:00,0,15
contact/index.html,3,html,0a22f90b,JerpBob,2025-01-10,15:22:22,-08:00,2025-01-10T15:22:22-08:00,0,0
contact/index.html,4,html,0a22f90b,JerpBob,2025-01-10,15:22:22,-08:00,2025-01-10T15:22:22-08:00,0,5
contact/index.html,5,html,0a22f90b,JerpBob,2025-01-10,15:22:22,-08:00,2025-01-10T15:22:22-08:00,0,21
contact/index.html,6,html,0a22f90b,JerpBob,2025-01-10,15:22:22,-08:00,2025-01-10T15:22:22-08:00,0,69
contact/index.html,7,html,0a22f90b,JerpBob,2025-01-10,15:22:22,-08:00,2025-01-10T15:22:22-08:00,0,21
contact/index.html,8,html,b8a0953e,JerpBob,2025-01-24,13:51:30,-08:00,2025-01-24T13:51:30-08:00,0,42
contact/index.html,9,html,0196775e,JerpBob,2025-01-24,18:00:58,-08:00,2025-01-24T18:00:58-08:00,0,49
contact/index.html,10,html,0a22f90b,JerpBob,2025-01-10,15:22:22,-08:00,2025-01-10T15:22:22-08:00,0,6
contact/index.html,11,html,0a22f90b,JerpBob,2025-01-10,15:22:22,-08:00,2025-01-10T15:22:22-08:00,0,0
contact/index.html,12,html,0a22f90b,JerpBob,2025-01-10,15:22:22,-08:00,2025-01-10T15:22:22-08:00,0,5
contact/index.html,13,html,0196775e,JerpBob,2025-01-24,18:00:58,-08:00,2025-01-24T18:00:58-08:00,0,13
contact/index.html,14,html,b8a0953e,JerpBob,2025-01-24,13:51:30,-08:00,2025-01-24T13:51:30-08:00,0,4
contact/index.html,15,html,b8a0953e,JerpBob,2025-01-24,13:51:30,-08:00,2025-01-24T13:51:30-08:00,0,3
contact/index.html,16,html,b8a0953e,JerpBob,2025-01-24,13:51:30,-08:00,2025-01-24T13:51:30-08:00,0,3
contact/index.html,17,html,b8a0953e,JerpBob,2025-01-24,13:51:30,-08:00,2025-01-24T13:51:30-08:00,0,59
contact/index.html,18,html,b8a0953e,JerpBob,2025-01-24,13:51:30,-08:00,2025-01-24T13:51:30-08:00,0,4
contact/index.html,19,html,b8a0953e,JerpBob,2025-01-24,13:51:30,-08:00,2025-01-24T13:51:30-08:00,0,3
contact/index.html,20,html,0196775e,JerpBob,2025-01-24,18:00:58,-08:00,2025-01-24T18:00:58-08:00,0,64
contact/index.html,21,html,b8a0953e,JerpBob,2025-01-24,13:51:30,-08:00,2025-01-24T13:51:30-08:00,0,4
contact/index.html,22,html,b8a0953e,JerpBob,2025-01-24,13:51:30,-08:00,2025-01-24T13:51:30-08:00,0,3
contact/index.html,23,html,b8a0953e,JerpBob,2025-01-24,13:51:30,-08:00,2025-01-24T13:51:30-08:00,0,66
contact/index.html,24,html,b8a0953e,JerpBob,2025-01-24,13:51:30,-08:00,2025-01-24T13:51:30-08:00,0,4
contact/index.html,25,html,b8a0953e,JerpBob,2025-01-24,13:51:30,-08:00,2025-01-24T13:51:30-08:00,0,3
contact/index.html,26,html,b8a0953e,JerpBob,2025-01-24,13:51:30,-08:00,2025-01-24T13:51:30-08:00,0,62
contact/index.html,27,html,b8a0953e,JerpBob,2025-01-24,13:51:30,-08:00,2025-01-24T13:51:30-08:00,0,4
contact/index.html,28,html,b8a0953e,JerpBob,2025-01-24,13:51:30,-08:00,2025-01-24T13:51:30-08:00,0,3
contact/index.html,29,html,b8a0953e,JerpBob,2025-01-24,13:51:30,-08:00,2025-01-24T13:51:30-08:00,0,62
contact/index.html,30,html,b8a0953e,JerpBob,2025-01-24,13:51:30,-08:00,2025-01-24T13:51:30-08:00,0,4
contact/index.html,31,html,b8a0953e,JerpBob,2025-01-24,13:51:30,-08:00,2025-01-24T13:51:30-08:00,0,4
contact/index.html,32,html,b8a0953e,JerpBob,2025-01-24,13:51:30,-08:00,2025-01-24T13:51:30-08:00,0,5
contact/index.html,33,html,0196775e,JerpBob,2025-01-24,18:00:58,-08:00,2025-01-24T18:00:58-08:00,0,13
contact/index.html,34,html,02e9d8ed,JerpBob,2025-01-10,15:25:00,-08:00,2025-01-10T15:25:00-08:00,0,3
contact/index.html,35,html,02e9d8ed,JerpBob,2025-01-10,15:25:00,-08:00,2025-01-10T15:25:00-08:00,0,6
contact/index.html,36,html,02e9d8ed,JerpBob,2025-01-10,15:25:00,-08:00,2025-01-10T15:25:00-08:00,0,4
contact/index.html,37,html,fb29a5cb,JerpBob,2025-01-10,15:37:22,-08:00,2025-01-10T15:37:22-08:00,0,75
contact/index.html,38,html,b8a0953e,JerpBob,2025-01-24,13:51:30,-08:00,2025-01-24T13:51:30-08:00,0,0
contact/index.html,39,html,fb29a5cb,JerpBob,2025-01-10,15:37:22,-08:00,2025-01-10T15:37:22-08:00,0,6
contact/index.html,40,html,c70225ff,JerpBob,2025-01-10,22:04:27,-08:00,2025-01-10T22:04:27-08:00,0,5
contact/index.html,41,html,fb29a5cb,JerpBob,2025-01-10,15:37:22,-08:00,2025-01-10T15:37:22-08:00,0,32
contact/index.html,42,html,fb29a5cb,JerpBob,2025-01-10,15:37:22,-08:00,2025-01-10T15:37:22-08:00,0,7
contact/index.html,43,html,fb29a5cb,JerpBob,2025-01-10,15:37:22,-08:00,2025-01-10T15:37:22-08:00,0,6
contact/index.html,44,html,c70225ff,JerpBob,2025-01-10,22:04:27,-08:00,2025-01-10T22:04:27-08:00,0,7
contact/index.html,45,html,fb29a5cb,JerpBob,2025-01-10,15:37:22,-08:00,2025-01-10T15:37:22-08:00,0,21
contact/index.html,46,html,fb29a5cb,JerpBob,2025-01-10,15:37:22,-08:00,2025-01-10T15:37:22-08:00,0,7
contact/index.html,47,html,fb29a5cb,JerpBob,2025-01-10,15:37:22,-08:00,2025-01-10T15:37:22-08:00,0,6
contact/index.html,48,html,c70225ff,JerpBob,2025-01-10,22:04:27,-08:00,2025-01-10T22:04:27-08:00,0,4
contact/index.html,49,html,fb29a5cb,JerpBob,2025-01-10,15:37:22,-08:00,2025-01-10T15:37:22-08:00,0,32
contact/index.html,50,html,fb29a5cb,JerpBob,2025-01-10,15:37:22,-08:00,2025-01-10T15:37:22-08:00,0,7
contact/index.html,51,html,b8a0953e,JerpBob,2025-01-24,13:51:30,-08:00,2025-01-24T13:51:30-08:00,0,34
contact/index.html,52,html,fb29a5cb,JerpBob,2025-01-10,15:37:22,-08:00,2025-01-10T15:37:22-08:00,0,6
contact/index.html,53,html,0a22f90b,JerpBob,2025-01-10,15:22:22,-08:00,2025-01-10T15:22:22-08:00,0,6
contact/index.html,54,html,0a22f90b,JerpBob,2025-01-10,15:22:22,-08:00,2025-01-10T15:22:22-08:00,0,0
contact/index.html,55,html,0a22f90b,JerpBob,2025-01-10,15:22:22,-08:00,2025-01-10T15:22:22-08:00,0,6
